handleId,fieldType,name,description,productImageUrl,collection,sku,ribbon,price,surcharge,visible,discountMode,discountValue,inventory,weight,cost,productOptionName1,productOptionType1,"productOptionDescription1",productOptionName2,productOptionType2,"productOptionDescription2",productOptionName3,productOptionType3,"productOptionDescription3",productOptionName4,productOptionType4,"productOptionDescription4",productOptionName5,productOptionType5,"productOptionDescription5",productOptionName6,productOptionType6,"productOptionDescription6",additionalInfoTitle1,"additionalInfoDescription1",additionalInfoTitle2,"additionalInfoDescription2",additionalInfoTitle3,"additionalInfoDescription3",additionalInfoTitle4,"additionalInfoDescription4",additionalInfoTitle5,"additionalInfoDescription5",additionalInfoTitle6,"additionalInfoDescription6",customTextField1,customTextCharLimit1,customTextMandatory1,brand
671516,Product,"GOODYEAR UG9+   205/60 R16 96 H XL - C, B, 2, 72dB",,"https://media4.tyre-shopping.com/images/tyre/20207-ZGVtbw==-w300-h300-br1.jpg",,"I2056016HGOULTRAGRIP9PLUS",,67.17,,TRUE,,,100,,,,,,,,,,,,,,,,,,,,,,,,,,,,,,,,,,,,GOODYEAR
664123,Product,"SAILUN   TE-A/T 265/70 R18 124/121R - E, B, 2, 73dB",,"https://media1.tyre-shopping.com/images/tyre/18545-ZGVtbw==-w300-h300-br1.jpg",,O2657018RSATERRAMAXAT,,104.13,,TRUE,,,12,,,,,,,,,,,,,,,,,,,,,,,,,,,,,,,,,,,,SAILUN
605316,Product,"TRACMAX  S210   235/45 R18 98 V XL - C, C, 2, 71dB",,"https://media3.tyre-shopping.com/images/tyre/12778-ZGVtbw==-w300-h300-br1.jpg",,I2354518VTRS210,,42.75,,TRUE,,,100,,,,,,,,,,,,,,,,,,,,,,,,,,,,,,,,,,,,TRACMAX
643922,Product,"HANKOOK  RW10   225/70 R16 103T - C, E, 2, 73dB",WINTER,"https://media5.tyre-shopping.com/images/tyre/19599-ZGVtbw==-w300-h300-br1.jpg",WINTER,O2257016THARW10,,80.49,,TRUE,,,54,,,,,,,,,,,,,,,,,,,,,,,,,,,,,,,,,,,,HANKOOK
355617,Product,"HIFLY    S2000  215    R14 112Q - E, C, 2, 72dB",,"https://media2.tyre-shopping.com/images/tyre/8242-ZGVtbw==-w300-h300-br1.jpg",,A21514CHISUPER2000,,58.03,,TRUE,,,24,,,,,,,,,,,,,,,,,,,,,,,,,,,,,,,,,,,,HIFLY
628212,Product,"WESTLAKE SL369  315/70 R17 121/118Q - F, C, 3, 73dB",,"https://media4.tyre-shopping.com/images/tyre/10615-ZGVtbw==-w300-h300-br1.jpg",,O3157017QWESL369,,141.62,,TRUE,,,4,,,,,,,,,,,,,,,,,,,,,,,,,,,,,,,,,,,,WESTLAKE
683512,Product,"KENDA    KR209  145/80 R13 78 N - C, E, 2, 71dB",,"https://media1.tyre-shopping.com/images/tyre/20540-ZGVtbw==-w300-h300-br1.jpg",,A1458013CKEKR209-L14513C,,32.42,,TRUE,,,49,,,,,,,,,,,,,,,,,,,,,,,,,,,,,,,,,,,,KENDA
704737,Product,"NOKIAN   Z-LINE 245/50ZR18 100Y  - C, A, 2, 71dB","DOT 2017","https://media3.tyre-shopping.com/images/tyre/10978-ZGVtbw==-w300-h300-br1.jpg","DOT 2017",E2455018ZNOZLINE,,120.40,,TRUE,,,3,,,,,,,,,,,,,,,,,,,,,,,,,,,,,,,,,,,,NOKIAN
19790,Product,"HEI. 90/90  -17 49 S TT K63",,"https://media5.tyre-shopping.com/images/tyre/1046-ZGVtbw==-w300-h300-br1.jpg",,M909017SHEK63,,58.88,,TRUE,,,6,,,,,,,,,,,,,,,,,,,,,,,,,,,,,,,,,,,,HEIDENAU
664458,Product,"DAVANTI  DX390  205/55 R16 91 V - C, A, 1, 68dB",,"https://media2.tyre-shopping.com/images/tyre/17087-ZGVtbw==-w300-h300-br1.jpg",,E2055516VDADX390,,37.26,,TRUE,,,12,,,,,,,,,,,,,,,,,,,,,,,,,,,,,,,,,,,,DAVANTI
609332,Product,"KENDA    KR33A  215/75 R16 116R - E, C, 2, 70dB",,"https://media4.tyre-shopping.com/images/tyre/16887-ZGVtbw==-w300-h300-br1.jpg",,A2157516CKEKR33A,,52.96,,TRUE,,,44,,,,,,,,,,,,,,,,,,,,,,,,,,,,,,,,,,,,KENDA
719826,Product,"MITAS    AC70T  480/70 R34 143A8/143B TL ","DOT 2017","https://media1.tyre-shopping.com/images/tyre/13364-ZGVtbw==-w300-h300-br1.jpg","DOT 2017",B4807034XMIAC70T,,635.00,,TRUE,,,4,,,,,,,,,,,,,,,,,,,,,,,,,,,,,,,,,,,,MITAS
399703,Product,"GOODYEAR F1-AS3 245/45 R18 100Y XL ","FP (*) RSC MO EXTENDED DEMO ","https://media3.tyre-shopping.com/images/tyre/16144-ZGVtbw==-w300-h300-br1.jpg","FP (*) RSC MO EXTENDED DEMO ","E2454518ZGOF1ASYMMETRIC3-ROF",,112.55,,TRUE,,,1,,,,,,,,,,,,,,,,,,,,,,,,,,,,,,,,,,,,GOODYEAR
700881,Product,"HANKOOK  K715   155/70 R13 75 T - F, E, 2, 70dB","DOT 2017","https://media5.tyre-shopping.com/images/tyre/3437-ZGVtbw==-w300-h300-br1.jpg","DOT 2017",E1557013THAK715,,29.66,,TRUE,,,1,,,,,,,,,,,,,,,,,,,,,,,,,,,,,,,,,,,,HANKOOK
354743,Product,"VREDEST. SPRINT 205/70VR15 96 W - E, C, 1, 68dB","OLDTIMER ","https://media2.tyre-shopping.com/images/tyre/1279-ZGVtbw==-w300-h300-br1.jpg","OLDTIMER ",E2057015ZVRSPRINTCLASSIC,,174.06,,TRUE,,,100,,,,,,,,,,,,,,,,,,,,,,,,,,,,,,,,,,,,VREDESTEIN
718311,Product,"SAILWIN  IW-96  185/60 R15 88 H XL - E, E, 2, 69dB",,"https://media4.tyre-shopping.com/images/tyre/21207-ZGVtbw==-w300-h300-br1.jpg",,I1856015HSAICEWINNER96,,33.25,,TRUE,,,36,,,,,,,,,,,,,,,,,,,,,,,,,,,,,,,,,,,,SAILWIN
695520,Product,"FALKEN   SN110  155/65 R14 75 T - E, A, 2, 69dB",,"https://media1.tyre-shopping.com/images/tyre/nopic_nobr-ZGVtbw==-w300-h300-br1.jpg",,E1556514TFASN110,,33.75,,TRUE,,,100,,,,,,,,,,,,,,,,,,,,,,,,,,,,,,,,,,,,FALKEN
293092,Product,"LINGLONG WIN-HP 175/65 R15 88 H XL - E, C, 2, 72dB","WINTER HP","https://media3.tyre-shopping.com/images/tyre/14228-ZGVtbw==-w300-h300-br1.jpg","WINTER HP",I1756515HLIGRWINTERHP,,32.15,,TRUE,,,100,,,,,,,,,,,,,,,,,,,,,,,,,,,,,,,,,,,,LINGLONG
119898,Product,"KINGSTAR RA17   225/70 R15 112R - E, E, 2, 72dB",,"https://media5.tyre-shopping.com/images/tyre/2566-ZGVtbw==-w300-h300-br1.jpg",,A2257015CKIRA17,,56.92,,TRUE,,,15,,,,,,,,,,,,,,,,,,,,,,,,,,,,,,,,,,,,KINGSTAR
384023,Product,"GTRADIAL ACTIVE 245/40 R18 97 Y XL - C, B, 2, 72dB",,"https://media2.tyre-shopping.com/images/tyre/16321-ZGVtbw==-w300-h300-br1.jpg",,E2454018ZGTSPORTACTIVE,,67.19,,TRUE,,,100,,,,,,,,,,,,,,,,,,,,,,,,,,,,,,,,,,,,"GT RADIAL"
344889,Product,"DUN. 150/60 R17 66 H TL SX A-13 H",,"https://media4.tyre-shopping.com/images/tyre/16303-ZGVtbw==-w300-h300-br1.jpg",,"M1506017HDUSPORTMAXALPHA13",,43.45,,TRUE,,,50,,,,,,,,,,,,,,,,,,,,,,,,,,,,,,,,,,,,DUNLOP
355913,Product,"KENDA    KR26   205/60 R16 96 W XL - E, B, 2, 71dB",,"https://media1.tyre-shopping.com/images/tyre/6421-ZGVtbw==-w300-h300-br1.jpg",,E2056016ZKEKR26,,45.85,,TRUE,,,7,,,,,,,,,,,,,,,,,,,,,,,,,,,,,,,,,,,,KENDA
617792,Product,"TOMKET   SPORT3 245/40 R18 97 W XL - C, C, 2, 72dB",,"https://media3.tyre-shopping.com/images/tyre/18746-ZGVtbw==-w300-h300-br1.jpg",,E2454018ZTOSPORT3,,34.63,,TRUE,,,100,,,,,,,,,,,,,,,,,,,,,,,,,,,,,,,,,,,,"TOMKET TIRES"
395033,Product,"TAURUS   401    225/45 R17 94 Y XL - C, C, 2, 72dB",,"https://media5.tyre-shopping.com/images/tyre/13530-ZGVtbw==-w300-h300-br1.jpg",,E2254517ZTA401,,43.81,,TRUE,,,100,,,,,,,,,,,,,,,,,,,,,,,,,,,,,,,,,,,,TAURUS
62092,Product,"BKT      LG307  20X12.0-10   4 PR TL",RASENPROFIL,"https://media2.tyre-shopping.com/images/tyre/7176-ZGVtbw==-w300-h300-br1.jpg",RASENPROFIL,B20120010XBKLG307,,57.50,,TRUE,,,6,,,,,,,,,,,,,,,,,,,,,,,,,,,,,,,,,,,,BKT
675580,Product,"TRELLEBO AW309  340/55 -16 140A8 TL",,"https://media4.tyre-shopping.com/images/tyre/nopic_nobr-ZGVtbw==-w300-h300-br1.jpg",,B3405516XTRAW309,,162.74,,TRUE,,,10,,,,,,,,,,,,,,,,,,,,,,,,,,,,,,,,,,,,TRELLEBORG
642926,Product,"UNIROYAL RAIN-3 225/50 R17 94 W - E, A, 2, 71dB","FR RUNFLAT SSR","https://media1.tyre-shopping.com/images/tyre/13159-ZGVtbw==-w300-h300-br1.jpg","FR RUNFLAT SSR","E2255017ZUNRAINSPORT3-ROF",,84.02,,TRUE,,,100,,,,,,,,,,,,,,,,,,,,,,,,,,,,,,,,,,,,UNIROYAL
680453,Product,"BLACKLIO BW56   225/60 R17 103H - C, E, 2, 72dB",,"https://media3.tyre-shopping.com/images/tyre/13170-ZGVtbw==-w300-h300-br1.jpg",,I2256017HBLBW56,,37.88,,TRUE,,,1,,,,,,,,,,,,,,,,,,,,,,,,,,,,,,,,,,,,BLACKLION
696776,Product,"NEXEN    N-BLUE 145/65 R15 72 T - C, B, 1, 66dB","HD PLUS","https://media5.tyre-shopping.com/images/tyre/13805-ZGVtbw==-w300-h300-br1.jpg","HD PLUS",E1456515TNENBLUEHDPLUS,,29.41,,TRUE,,,100,,,,,,,,,,,,,,,,,,,,,,,,,,,,,,,,,,,,NEXEN
246745,Product,"RIKEN    ALLST2 175/65 R14 82 H - F, C, 2, 68dB",B2,"https://media2.tyre-shopping.com/images/tyre/11087-ZGVtbw==-w300-h300-br1.jpg",B2,E1756514HRIALLSTAR2B2,,36.23,,TRUE,,,45,,,,,,,,,,,,,,,,,,,,,,,,,,,,,,,,,,,,RIKEN
294358,Product,"KUMHO    KH27 175/70 R14 84 H - E, B, 2, 70dB",,"https://media4.tyre-shopping.com/images/tyre/11071-ZGVtbw==-w300-h300-br1.jpg",,E1757014HKUKH27,,40.50,,TRUE,,,4,,,,,,,,,,,,,,,,,,,,,,,,,,,,,,,,,,,,KUMHO
356760,Product,"JOYROAD  RX6    225/50 R17 98 W XL - E, C, 2, 72dB",,"https://media1.tyre-shopping.com/images/tyre/13576-ZGVtbw==-w300-h300-br1.jpg",,E2255017ZJORX6,,40.90,,TRUE,,,97,,,,,,,,,,,,,,,,,,,,,,,,,,,,,,,,,,,,JOYROAD
678917,Product,"YOKOHAMA V902   265/35 R18 97 V XL - F, C, 3, 74dB","DOT 2016","https://media3.tyre-shopping.com/images/tyre/5344-ZGVtbw==-w300-h300-br1.jpg","DOT 2016",I2653518VYOWDRIVE,,104.00,,TRUE,,,20,,,,,,,,,,,,,,,,,,,,,,,,,,,,,,,,,,,,YOKOHAMA
57995,Product,"FULDA    MONT-3 205/55 R16 91 T - C, C, 1, 69dB","M+S","https://media5.tyre-shopping.com/images/tyre/7181-ZGVtbw==-w300-h300-br1.jpg","M+S",I2055516TFUMONTERO3,,60.20,,TRUE,,,76,,,,,,,,,,,,,,,,,,,,,,,,,,,,,,,,,,,,FULDA
276605,Product,"GOODYEAR AT/SA+ 245/75 R15 109/107S - F, C, 2, 73dB",,"https://media2.tyre-shopping.com/images/tyre/13641-ZGVtbw==-w300-h300-br1.jpg",,"O2457515SGOATSA+",,76.00,,TRUE,,,1,,,,,,,,,,,,,,,,,,,,,,,,,,,,,,,,,,,,GOODYEAR
318772,Product,"A-PLUS   A607   205/50 R17 93 W XL - E, C, 2, 71dB",,"https://media4.tyre-shopping.com/images/tyre/14103-ZGVtbw==-w300-h300-br1.jpg",,E2055017ZAPA607,,38.14,,TRUE,,,42,,,,,,,,,,,,,,,,,,,,,,,,,,,,,,,,,,,,A-PLUS
636799,Product,"FALKEN   AS210  235/45 R18 98 V XL - E, B, 2, 70dB",,"https://media1.tyre-shopping.com/images/tyre/19429-ZGVtbw==-w300-h300-br1.jpg",,Q2354518VFAAS210,,92.55,,TRUE,,,100,,,,,,,,,,,,,,,,,,,,,,,,,,,,,,,,,,,,FALKEN
654635,Product,"DUN. 120/90 -18 65 M TT GEOMAX AT81","REAR DOT 2016","https://media3.tyre-shopping.com/images/tyre/16302-ZGVtbw==-w300-h300-br1.jpg","REAR DOT 2016",M1209018MDUGEOMAXAT81,,64.35,,TRUE,,,3,,,,,,,,,,,,,,,,,,,,,,,,,,,,,,,,,,,,DUNLOP
630304,Product,"PIRELLI  P-ZERO 265/45ZR19 (105Y) XL - C, A, 2, 72dB","(N0) P-ZERO S.C. (NEU)","https://media5.tyre-shopping.com/images/tyre/16697-ZGVtbw==-w300-h300-br1.jpg","(N0) P-ZERO S.C. (NEU)",E2654519ZPIPZERO,,105.16,,TRUE,,,100,,,,,,,,,,,,,,,,,,,,,,,,,,,,,,,,,,,,PIRELLI
397190,Product,"ROVELO   RO-HT  235/55 R18 100V - C, C, 2, 71dB",,"https://media2.tyre-shopping.com/images/tyre/nopic_nobr-ZGVtbw==-w300-h300-br1.jpg",,O2355518VROROADQUESTHT,,55.93,,TRUE,,,100,,,,,,,,,,,,,,,,,,,,,,,,,,,,,,,,,,,,ROVELO
673144,Product,"VREDEST  ARCTRA 155/70 R13 75 T ","STUDDED DOT 2016","https://media4.tyre-shopping.com/images/tyre/8673-ZGVtbw==-w300-h300-br1.jpg","STUDDED DOT 2016",I1557013TVRARCTRAC,,38.05,,TRUE,,,1,,,,,,,,,,,,,,,,,,,,,,,,,,,,,,,,,,,,VREDESTEIN
620271,Product,"PIRELLI  S-VERD 275/45 R21 110W XL   - C, B, 2, 72dB","ALLSEASON M+S (ohne 3PMSF)  (LR) NCS","https://media1.tyre-shopping.com/images/tyre/10077-ZGVtbw==-w300-h300-br1.jpg","ALLSEASON M+S (ohne 3PMSF)  (LR) NCS","O2754521ZPISCORPIONVERDEAS ",,149.41,,TRUE,,,100,,,,,,,,,,,,,,,,,,,,,,,,,,,,,,,,,,,,PIRELLI
612614,Product,"FIRESTON ROAD-H 195/60 R15 88 H - C, A, 2, 71dB",,"https://media3.tyre-shopping.com/images/tyre/17566-ZGVtbw==-w300-h300-br1.jpg",,E1956015HFIROADHAWK,,40.40,,TRUE,,,100,,,,,,,,,,,,,,,,,,,,,,,,,,,,,,,,,,,,FIRESTONE
13725,Product,"HEI. 2 1/4  -16 26 B TT M4",MOPED,"https://media5.tyre-shopping.com/images/tyre/3392-ZGVtbw==-w300-h300-br1.jpg",MOPED,M22516BHEM4,,26.78,,TRUE,,,21,,,,,,,,,,,,,,,,,,,,,,,,,,,,,,,,,,,,HEIDENAU
609769,Product,"NORDEXX  FAST-4 205/55 R16 91 V - C, B, 2, 69dB",,"https://media2.tyre-shopping.com/images/tyre/18729-ZGVtbw==-w300-h300-br1.jpg",,E2055516VNOFASTMOVE4,,36.95,,TRUE,,,2,,,,,,,,,,,,,,,,,,,,,,,,,,,,,,,,,,,,NORDEXX
703912,Product,"CONTI    SP-CO5 235/40ZR17 90 W - E, A, 2, 71dB","FR DOT 2017","https://media4.tyre-shopping.com/images/tyre/9121-ZGVtbw==-w300-h300-br1.jpg","FR DOT 2017",E2354017ZCOSPORT5,,80.00,,TRUE,,,1,,,,,,,,,,,,,,,,,,,,,,,,,,,,,,,,,,,,CONTINENTAL
236696,Product,"KLEBER   QUADRA 155/80 R13 79 T    - E, E, 2, 71dB",,"https://media1.tyre-shopping.com/images/tyre/8658-ZGVtbw==-w300-h300-br1.jpg",,Q1558013TKLQUADRAXER,,54.72,,TRUE,,,4,,,,,,,,,,,,,,,,,,,,,,,,,,,,,,,,,,,,KLEBER
11631,Product,"SF NISSAN MICRA K11      5,0X14 ET45  4/100","5900 143744 NI514010","https://media3.tyre-shopping.com/images/tyre/2598-ZGVtbw==-w300-h300-br1.jpg","5900 143744 NI514010",C5900-NIS14,,39.19,,TRUE,,,100,,,,,,,,,,,,,,,,,,,,,,,,,,,,,,,,,,,,"STAHLRAD OE QUALITÄT: ALCAR,KPZ,SÜDRAD,MWD"
343194,Product,"HANKOOK  K125   235/55 R17 103Y XL - C, A, 2, 72dB","VENTUS PRIME 3","https://media5.tyre-shopping.com/images/tyre/16175-ZGVtbw==-w300-h300-br1.jpg","VENTUS PRIME 3",E2355517ZHAK125,,79.31,,TRUE,,,100,,,,,,,,,,,,,,,,,,,,,,,,,,,,,,,,,,,,HANKOOK
409846,Product,"MATADOR  MP92   255/60 R17 106H - F, C, 2, 71dB","WINTERREIFEN M+S","https://media2.tyre-shopping.com/images/tyre/10485-ZGVtbw==-w300-h300-br1.jpg","WINTERREIFEN M+S",O2556017HMAMP92,,76.00,,TRUE,,,74,,,,,,,,,,,,,,,,,,,,,,,,,,,,,,,,,,,,MATADOR
719379,Product,"BRIDGEST A005-E   275/45 R21 110Y XL - B, A, 2, 72dB",,"https://media4.tyre-shopping.com/images/tyre/nopic_nobr-ZGVtbw==-w300-h300-br1.jpg",,"Q2754521ZBRA005EVOWEATHERCONTROL",,126.70,,TRUE,,,100,,,,,,,,,,,,,,,,,,,,,,,,,,,,,,,,,,,,BRIDGESTONE
638156,Product,"GOODYEAR UG-SUV 245/60 R18 105H XL - E, C, 1, 69dB","ULTRA GRIP SUV WINTERREIFEN DOT 2015","https://media1.tyre-shopping.com/images/tyre/542-ZGVtbw==-w300-h300-br1.jpg","ULTRA GRIP SUV WINTERREIFEN DOT 2015",O2456018HGOUGRIP,,155.10,,TRUE,,,1,,,,,,,,,,,,,,,,,,,,,,,,,,,,,,,,,,,,GOODYEAR
656863,Product,"PRESTIVO PVS109 225/45 R17 94 Y XL - C, C, 2, 72dB",,"https://media3.tyre-shopping.com/images/tyre/19908-ZGVtbw==-w300-h300-br1.jpg",,E2254517ZPRPVS109,,39.00,,TRUE,,,88,,,,,,,,,,,,,,,,,,,,,,,,,,,,,,,,,,,,PRESTIVO
383866,Product,"LAPICENA KEYROA 195/80 R15 96 T","RETREAD ALLSEASON","https://media5.tyre-shopping.com/images/tyre/17725-ZGVtbw==-w300-h300-br1.jpg","RETREAD ALLSEASON",O1958015TLAKEYROAD,,50.00,,TRUE,,,4,,,,,,,,,,,,,,,,,,,,,,,,,,,,,,,,,,,,"LA PICENA"
629942,Product,"MAXXIS   MCV3+  205/65 R16 107/105T - C, A, 2, 72dB",,"https://media2.tyre-shopping.com/images/tyre/11159-ZGVtbw==-w300-h300-br1.jpg",,"A2056516CMAVANSMARTMCV3+",,60.48,,TRUE,,,48,,,,,,,,,,,,,,,,,,,,,,,,,,,,,,,,,,,,MAXXIS
344815,Product,"COOPER   ZE-CS8 205/60 R15 91 V - E, A, 2, 69dB",,"https://media4.tyre-shopping.com/images/tyre/16300-ZGVtbw==-w300-h300-br1.jpg",,E2056015VCOZEONCS8,,48.72,,TRUE,,,58,,,,,,,,,,,,,,,,,,,,,,,,,,,,,,,,,,,,COOPER
651565,Product,"MATADOR  MP82   215/65 R16 98 H - E, C, 2, 71dB","FR DOT 2016","https://media1.tyre-shopping.com/images/tyre/13440-ZGVtbw==-w300-h300-br1.jpg","FR DOT 2016",O2156516HMAMP82,,61.73,,TRUE,,,3,,,,,,,,,,,,,,,,,,,,,,,,,,,,,,,,,,,,MATADOR
354101,Product,"APTANY   RU101  235/60 R17 102H - B, C, 2, 71dB",,"https://media3.tyre-shopping.com/images/tyre/16255-ZGVtbw==-w300-h300-br1.jpg",,O2356017HAPRU101,,40.60,,TRUE,,,100,,,,,,,,,,,,,,,,,,,,,,,,,,,,,,,,,,,,APTANY
366802,Product,"HANKOOK  W320   275/40 R19 105V XL - C, C, 2, 73dB",,"https://media5.tyre-shopping.com/images/tyre/15259-ZGVtbw==-w300-h300-br1.jpg",,I2754019VHAW320,,131.14,,TRUE,,,100,,,,,,,,,,,,,,,,,,,,,,,,,,,,,,,,,,,,HANKOOK
696362,Product,"SAVA     I-UHP2 205/40 R17 84 Y XL - E, B, 2, 70dB",FP,"https://media2.tyre-shopping.com/images/tyre/17587-ZGVtbw==-w300-h300-br1.jpg",FP,E2054017ZSAINTENSAUHP2,,42.99,,TRUE,,,100,,,,,,,,,,,,,,,,,,,,,,,,,,,,,,,,,,,,"SAVA "
374555,Product,"PIRELLI  W210C3 195/50 R15 82 H - E, B, 2, 72dB","DOT 2014","https://media4.tyre-shopping.com/images/tyre/11830-ZGVtbw==-w300-h300-br1.jpg","DOT 2014",I1955015HPISNOWCONTROL3,,36.13,,TRUE,,,1,,,,,,,,,,,,,,,,,,,,,,,,,,,,,,,,,,,,PIRELLI
343454,Product,"MICHELIN SP-PS2 235/40ZR18 95 Y XL  - E, B, 2, 69dB","N4 FSL","https://media1.tyre-shopping.com/images/tyre/190-ZGVtbw==-w300-h300-br1.jpg","N4 FSL",E2354018ZMISPORTPS,,113.22,,TRUE,,,100,,,,,,,,,,,,,,,,,,,,,,,,,,,,,,,,,,,,MICHELIN
717771,Product,"MICHELIN PRIMA4 195/60 R18 96 H XL - B, A, 2, 70dB",,"https://media3.tyre-shopping.com/images/tyre/18783-ZGVtbw==-w300-h300-br1.jpg",,E1956018HMIPRIMACY4,,126.50,,TRUE,,,100,,,,,,,,,,,,,,,,,,,,,,,,,,,,,,,,,,,,MICHELIN
625512,Product,"CARLISLE BLACK  27X9.00-12 6 PR TL",NHS,"https://media5.tyre-shopping.com/images/tyre/14420-ZGVtbw==-w300-h300-br1.jpg",NHS,M27912XCABLACKROCK,,110.00,,TRUE,,,4,,,,,,,,,,,,,,,,,,,,,,,,,,,,,,,,,,,,CARLISLE
44776,Product,"DUNLOP   ST 30  225/60 R18 100H - C, C, 2, 70dB",100HTL,"https://media2.tyre-shopping.com/images/tyre/5121-ZGVtbw==-w300-h300-br1.jpg",100HTL,O2256018HDUST30,,88.00,,TRUE,,,100,,,,,,,,,,,,,,,,,,,,,,,,,,,,,,,,,,,,DUNLOP
371122,Product,"HANKOOK  K125   215/55 R17 94 V - C, A, 2, 69dB","VENTUS PRIME 3","https://media4.tyre-shopping.com/images/tyre/16175-ZGVtbw==-w300-h300-br1.jpg","VENTUS PRIME 3",E2155517VHAK125,,70.68,,TRUE,,,100,,,,,,,,,,,,,,,,,,,,,,,,,,,,,,,,,,,,HANKOOK
380666,Product,"TRISTAR  ECO-P3 185/60 R14 82 H - E, C, 2, 70dB",,"https://media1.tyre-shopping.com/images/tyre/17653-ZGVtbw==-w300-h300-br1.jpg",,E1856014HTRECOPOWER3,,27.90,,TRUE,,,100,,,,,,,,,,,,,,,,,,,,,,,,,,,,,,,,,,,,TRISTAR
693809,Product,"BRIDGEST S001   245/45 R17 95 Y - E, A, 2, 70dB","AO DOT 2017","https://media3.tyre-shopping.com/images/tyre/7808-ZGVtbw==-w300-h300-br1.jpg","AO DOT 2017",E2454517ZBRS001,,118.16,,TRUE,,,2,,,,,,,,,,,,,,,,,,,,,,,,,,,,,,,,,,,,BRIDGESTONE
625696,Product,"CONTI    ALLSEA 155/65 R14 75 T - C, B, 2, 71dB",,"https://media5.tyre-shopping.com/images/tyre/17961-ZGVtbw==-w300-h300-br1.jpg",,"Q1556514TCOALLSEASONCONTACT",,38.70,,TRUE,,,100,,,,,,,,,,,,,,,,,,,,,,,,,,,,,,,,,,,,CONTINENTAL
320999,Product,"KORMORAN SUV-SU 235/60 R17 102V XL - E, C, 2, 69dB",,"https://media2.tyre-shopping.com/images/tyre/15093-ZGVtbw==-w300-h300-br1.jpg",,O2356017VKOSUVSUMMER,,64.00,,TRUE,,,100,,,,,,,,,,,,,,,,,,,,,,,,,,,,,,,,,,,,KORMORAN
695418,Product,"PIRELLI  S-WNT  265/40 R22 106V XL - E, C, 2, 72dB","WINTERREIFEN DOT 2017","https://media4.tyre-shopping.com/images/tyre/10439-ZGVtbw==-w300-h300-br1.jpg","WINTERREIFEN DOT 2017","O2654022VPISCORPIONWINTER",,257.13,,TRUE,,,5,,,,,,,,,,,,,,,,,,,,,,,,,,,,,,,,,,,,PIRELLI
710639,Product,"KENDA    KR20A  245/40 R17 91 W","NHS DRIFT","https://media1.tyre-shopping.com/images/tyre/21038-ZGVtbw==-w300-h300-br1.jpg","NHS DRIFT",E2454017ZKEKR20A,,69.85,,TRUE,,,34,,,,,,,,,,,,,,,,,,,,,,,,,,,,,,,,,,,,KENDA
367370,Product,"GENERAL  GR-AT3 225/65 R17 102H - F, E, 2, 72dB",ALLWETTER,"https://media3.tyre-shopping.com/images/tyre/17329-ZGVtbw==-w300-h300-br1.jpg",ALLWETTER,O2256517HGEGRABBERAT3,,81.13,,TRUE,,,100,,,,,,,,,,,,,,,,,,,,,,,,,,,,,,,,,,,,GENERAL
57927,Product,"DUN. 180/55ZR17 73 W TL SPORTMAX","QUALIFIER II","https://media5.tyre-shopping.com/images/tyre/7023-ZGVtbw==-w300-h300-br1.jpg","QUALIFIER II","M1805517ZDUSPORTMAXQUALIFIER2",,68.70,,TRUE,,,100,,,,,,,,,,,,,,,,,,,,,,,,,,,,,,,,,,,,DUNLOP
718435,Product,"NOKIAN   HK-R3  235/50 R20 104T XL - B, F, 2, 72dB",,"https://media2.tyre-shopping.com/images/tyre/19573-ZGVtbw==-w300-h300-br1.jpg",,I2355020TNOHKPLR3SUV,,236.04,,TRUE,,,8,,,,,,,,,,,,,,,,,,,,,,,,,,,,,,,,,,,,NOKIAN
184134,Product,"MINERVA  S110   185    R14 102Q - E, E, 2, 73dB",WINTERREIFEN,"https://media4.tyre-shopping.com/images/tyre/6613-ZGVtbw==-w300-h300-br1.jpg",WINTERREIFEN,A18514CMIS110,,45.36,,TRUE,,,12,,,,,,,,,,,,,,,,,,,,,,,,,,,,,,,,,,,,MINERVA
702034,Product,"BLACKLIO BU66   225/45 R17 94 W XL - E, B, 2, 71dB",,"https://media1.tyre-shopping.com/images/tyre/10836-ZGVtbw==-w300-h300-br1.jpg",,E2254517ZBLBU66,,42.50,,TRUE,,,20,,,,,,,,,,,,,,,,,,,,,,,,,,,,,,,,,,,,BLACKLION
677594,Product,"PIRELLI  WI-SZ3 225/40 R19 93 H XL - E, B, 2, 72dB","(J) DOT 2016","https://media3.tyre-shopping.com/images/tyre/11962-ZGVtbw==-w300-h300-br1.jpg","(J) DOT 2016","I2254019HPIWINTERSOTTOZERO3",,130.13,,TRUE,,,1,,,,,,,,,,,,,,,,,,,,,,,,,,,,,,,,,,,,PIRELLI
59886,Product,"PIRELLI  CIN-P7 225/55 R17 101W XL  - C, B, 2, 71dB",MO,"https://media5.tyre-shopping.com/images/tyre/7013-ZGVtbw==-w300-h300-br1.jpg",MO,E2255517ZPICINTURATOP7,,91.77,,TRUE,,,69,,,,,,,,,,,,,,,,,,,,,,,,,,,,,,,,,,,,PIRELLI
663929,Product,"GOODYEAR F1-SPO 235/40ZR18 (95Y) XL - E, A, 2, 72dB",FP,"https://media2.tyre-shopping.com/images/tyre/20000-ZGVtbw==-w300-h300-br1.jpg",FP,"E2354018ZGOEAGLEF1SUPERSPORT",,94.01,,TRUE,,,100,,,,,,,,,,,,,,,,,,,,,,,,,,,,,,,,,,,,GOODYEAR
238395,Product,"NOKIAN   LINE   195/50 R16 88 V XL - C, B, 2, 72dB",,"https://media4.tyre-shopping.com/images/tyre/10995-ZGVtbw==-w300-h300-br1.jpg",,E1955016VNOLINE,,65.25,,TRUE,,,12,,,,,,,,,,,,,,,,,,,,,,,,,,,,,,,,,,,,NOKIAN
402781,Product,"GOODYEAR F1-AS2 285/25 R20 93 Y XL - E, A, 1, 72dB",FSL,"https://media1.tyre-shopping.com/images/tyre/8954-ZGVtbw==-w300-h300-br1.jpg",FSL,E2852520ZGOF1ASYMMETRIC2,,165.04,,TRUE,,,51,,,,,,,,,,,,,,,,,,,,,,,,,,,,,,,,,,,,GOODYEAR
678261,Product,"NOKIAN   WRA4   285/40 R19 107V XL - C, B, 1, 72dB","DOT 2015","https://media3.tyre-shopping.com/images/tyre/16742-ZGVtbw==-w300-h300-br1.jpg","DOT 2015",I2854019VNOWRA4,,104.28,,TRUE,,,4,,,,,,,,,,,,,,,,,,,,,,,,,,,,,,,,,,,,NOKIAN
623480,Product,"AUSTONE  SP303  255/50 R19 107V XL - C, C, 2, 73dB",,"https://media5.tyre-shopping.com/images/tyre/18428-ZGVtbw==-w300-h300-br1.jpg",,O2555019VAUSP303,,62.56,,TRUE,,,80,,,,,,,,,,,,,,,,,,,,,,,,,,,,,,,,,,,,AUSTONE
669524,Product,"PIRELLI  P-ZERO 335/30ZR24 (112Y) XL - C, B, 1, 72dB","(e) P-ZERO (NEU) S.C.","https://media2.tyre-shopping.com/images/tyre/16697-ZGVtbw==-w300-h300-br1.jpg","(e) P-ZERO (NEU) S.C.",O3353024ZPIPZERO,,359.05,,TRUE,,,26,,,,,,,,,,,,,,,,,,,,,,,,,,,,,,,,,,,,PIRELLI
345017,Product,"CONTI    ECO-5  235/55 R17 103H XL - A, B, 2, 72dB",,"https://media4.tyre-shopping.com/images/tyre/8838-ZGVtbw==-w300-h300-br1.jpg",,E2355517HCOECOCONTACT5,,104.13,,TRUE,,,100,,,,,,,,,,,,,,,,,,,,,,,,,,,,,,,,,,,,CONTINENTAL
247592,Product,"MIC. 90/90- 18 57 P TL PIL. STREET","REINFORCED REAR","https://media1.tyre-shopping.com/images/tyre/11040-ZGVtbw==-w300-h300-br1.jpg","REINFORCED REAR",M909018PMIPILOTSTREET,,38.60,,TRUE,,,72,,,,,,,,,,,,,,,,,,,,,,,,,,,,,,,,,,,,MICHELIN
664715,Product,"PIRELLI  CIN-P6 145/65 R15 72 H - F, E, 3, 71dB","CINTURATO ECOIMPACT DOT 2016","https://media3.tyre-shopping.com/images/tyre/17-ZGVtbw==-w300-h300-br1.jpg","CINTURATO ECOIMPACT DOT 2016",E1456515HPICINTURA,,35.00,,TRUE,,,2,,,,,,,,,,,,,,,,,,,,,,,,,,,,,,,,,,,,PIRELLI
695325,Product,"CONTI    ECO-6  195/60 R16 89 H - A, A, 2, 71dB",,"https://media5.tyre-shopping.com/images/tyre/19434-ZGVtbw==-w300-h300-br1.jpg",,E1956016HCOECOCONTACT6,,88.84,,TRUE,,,75,,,,,,,,,,,,,,,,,,,,,,,,,,,,,,,,,,,,CONTINENTAL
644504,Product,"CONTINEN LPRO-T 385/65 R225 160K/158L - B, B, 2, 71dB",TRAILER,"https://media2.tyre-shopping.com/images/tyre/19665-ZGVtbw==-w300-h300-br1.jpg",TRAILER,A38565225CCOLIGHTPROT,,401.00,,TRUE,,,2,,,,,,,,,,,,,,,,,,,,,,,,,,,,,,,,,,,,CONTINENTAL
620032,Product,"RIKEN    ROAD   165/70 R13 79 T - E, C, 1, 68dB",,"https://media4.tyre-shopping.com/images/tyre/18940-ZGVtbw==-w300-h300-br1.jpg",,E1657013TRIROADD,,29.06,,TRUE,,,100,,,,,,,,,,,,,,,,,,,,,,,,,,,,,,,,,,,,RIKEN
382651,Product,"PIRELLI  P-ZERO  355/30ZR19 (99Y) - F, A, 2, 74dB",,"https://media1.tyre-shopping.com/images/tyre/4387-ZGVtbw==-w300-h300-br1.jpg",,E3553019ZPIPZERO,,311.09,,TRUE,,,4,,,,,,,,,,,,,,,,,,,,,,,,,,,,,,,,,,,,PIRELLI
313595,Product,"TAURUS   701    235/65 R17 108V XL - C, C, 2, 71dB",,"https://media3.tyre-shopping.com/images/tyre/15106-ZGVtbw==-w300-h300-br1.jpg",,O2356517VTA701SUV,,62.69,,TRUE,,,100,,,,,,,,,,,,,,,,,,,,,,,,,,,,,,,,,,,,TAURUS
723775,Product,"FALKEN   HS01   195/60 R16 89 H",DEMO,"https://media5.tyre-shopping.com/images/tyre/17059-ZGVtbw==-w300-h300-br1.jpg",DEMO,I1956016HFAHS01,,60.78,,TRUE,,,4,,,,,,,,,,,,,,,,,,,,,,,,,,,,,,,,,,,,FALKEN
640468,Product,"KLEBER   DY-UHP 225/45 R17 91 Y - E, B, 2, 69dB",,"https://media2.tyre-shopping.com/images/tyre/19438-ZGVtbw==-w300-h300-br1.jpg",,E2254517ZKLDYNAXERUHP,,60.29,,TRUE,,,4,,,,,,,,,,,,,,,,,,,,,,,,,,,,,,,,,,,,KLEBER
335728,Product,"SAILUN   AT-ECO 175/70 R14 88 T XL - E, B, 2, 70dB",,"https://media4.tyre-shopping.com/images/tyre/16082-ZGVtbw==-w300-h300-br1.jpg",,E1757014TSAATREZZOECO,,34.36,,TRUE,,,100,,,,,,,,,,,,,,,,,,,,,,,,,,,,,,,,,,,,SAILUN
700316,Product,"LINGLONG T010   115/70 R16 92 M","BEREIFUNG NOTRAD","https://media1.tyre-shopping.com/images/tyre/19533-ZGVtbw==-w300-h300-br1.jpg","BEREIFUNG NOTRAD",E1157016MLIT010,,29.27,,TRUE,,,100,,,,,,,,,,,,,,,,,,,,,,,,,,,,,,,,,,,,LINGLONG
680165,Product,"GOODYEAR EA-RSA 255/45 R20 101W - F, C, 2, 72dB","EMT RUNFLAT DOT 2015","https://media3.tyre-shopping.com/images/tyre/530-ZGVtbw==-w300-h300-br1.jpg","EMT RUNFLAT DOT 2015",O2554520ZGOEAGLERSA-ROF,,48.50,,TRUE,,,1,,,,,,,,,,,,,,,,,,,,,,,,,,,,,,,,,,,,GOODYEAR
358941,Product,"KENDA    KR33A  225/70 R15 112R - E, C, 2, 70dB",,"https://media5.tyre-shopping.com/images/tyre/16887-ZGVtbw==-w300-h300-br1.jpg",,A2257015CKEKR33A,,48.00,,TRUE,,,58,,,,,,,,,,,,,,,,,,,,,,,,,,,,,,,,,,,,KENDA
258158,Product,"FEDERAL  COU-FX 265/35 R22 102W XL - E, C, 3, 75dB",,"https://media2.tyre-shopping.com/images/tyre/10259-ZGVtbw==-w300-h300-br1.jpg",,O2653522ZFECOURFX,,95.05,,TRUE,,,100,,,,,,,,,,,,,,,,,,,,,,,,,,,,,,,,,,,,FEDERAL
316704,Product,"PETLAS   PT825+ 225/75 R16 118R - E, A, 2, 72dB",,"https://media4.tyre-shopping.com/images/tyre/15180-ZGVtbw==-w300-h300-br1.jpg",,"A2257516CPEPT825+",,75.14,,TRUE,,,100,,,,,,,,,,,,,,,,,,,,,,,,,,,,,,,,,,,,PETLAS
634300,Product,"BF-GOODR G-GRIP 255/35 R19 96 Y - E, B, 1, 70dB","DOT 2015","https://media1.tyre-shopping.com/images/tyre/6918-ZGVtbw==-w300-h300-br1.jpg","DOT 2015",E2553519ZBFGGRIP,,78.00,,TRUE,,,4,,,,,,,,,,,,,,,,,,,,,,,,,,,,,,,,,,,,BF-GOODRICH
601554,Product,"NANKANG  AS-2+  235/50 R17 96 W - E, A, 2, 71dB",,"https://media3.tyre-shopping.com/images/tyre/16316-ZGVtbw==-w300-h300-br1.jpg",,E2355017ZNAAS2PLUS,,24.61,,TRUE,,,100,,,,,,,,,,,,,,,,,,,,,,,,,,,,,,,,,,,,NANKANG
670404,Product,"PIRELLI  W240SN 225/40 R18 92 V - E, C, 2, 72dB","PORSCHE N3 DOT 2016","https://media5.tyre-shopping.com/images/tyre/652-ZGVtbw==-w300-h300-br1.jpg","PORSCHE N3 DOT 2016",I2254018VPIW240SNOWSPORT,,119.13,,TRUE,,,2,,,,,,,,,,,,,,,,,,,,,,,,,,,,,,,,,,,,PIRELLI
363362,Product,"INFINITY ECOSIS 205/65 R15 94 V - C, C, 2, 71dB",,"https://media2.tyre-shopping.com/images/tyre/11512-ZGVtbw==-w300-h300-br1.jpg",,E2056515VINECOSIS,,37.01,,TRUE,,,44,,,,,,,,,,,,,,,,,,,,,,,,,,,,,,,,,,,,INFINITY
720585,Product,"GOODYEAR F1-ASY 255/45 R19 104Y XL","AO DEMO DOT 2015","https://media4.tyre-shopping.com/images/tyre/4646-ZGVtbw==-w300-h300-br1.jpg","AO DEMO DOT 2015","E2554519ZGOEAGLEF1ASYMMETRIC",,62.90,,TRUE,,,1,,,,,,,,,,,,,,,,,,,,,,,,,,,,,,,,,,,,GOODYEAR
61516,Product,"CONTI.   13X5X8 MC 20 A STB",,"https://media1.tyre-shopping.com/images/tyre/nopic_nobr-ZGVtbw==-w300-h300-br1.jpg",,P1456.5XCOMC20ASTB,,149.88,,TRUE,,,2,,,,,,,,,,,,,,,,,,,,,,,,,,,,,,,,,,,,CONTINENTAL
354639,Product,"GREMAX   CF19   225/50 R17 98 W XL - C, B, 2, 69dB",,"https://media3.tyre-shopping.com/images/tyre/15911-ZGVtbw==-w300-h300-br1.jpg",,E2255017ZGRCAPTURARCF19,,48.59,,TRUE,,,100,,,,,,,,,,,,,,,,,,,,,,,,,,,,,,,,,,,,GREMAX
164165,Product,"EP-TYRES PHI    235/60 R16 104W XL - E, C, 2, 72dB",,"https://media5.tyre-shopping.com/images/tyre/3810-ZGVtbw==-w300-h300-br1.jpg",,O2356016ZEPPHI,,66.10,,TRUE,,,21,,,,,,,,,,,,,,,,,,,,,,,,,,,,,,,,,,,,EP-TYRES
333014,Product,"WINDFOR. PER-HT 235/55 R18 104H XL - E, C, 2, 71dB",,"https://media2.tyre-shopping.com/images/tyre/13565-ZGVtbw==-w300-h300-br1.jpg",,O2355518HWIPERFORMAXHT,,57.51,,TRUE,,,48,,,,,,,,,,,,,,,,,,,,,,,,,,,,,,,,,,,,WINDFORCE
9935,Product,"DUN. 150/90- 15 74 H TL MC D404G",,"https://media4.tyre-shopping.com/images/tyre/934-ZGVtbw==-w300-h300-br1.jpg",,M1509015HDUD404G,,116.27,,TRUE,,,17,,,,,,,,,,,,,,,,,,,,,,,,,,,,,,,,,,,,DUNLOP
696637,Product,"HANKOOK  RA10   175/75R16C 101R - F, E, 2, 72dB","ALLWETTER DOT 2015","https://media1.tyre-shopping.com/images/tyre/1368-ZGVtbw==-w300-h300-br1.jpg","ALLWETTER DOT 2015",A1757516CHARA10,,64.30,,TRUE,,,2,,,,,,,,,,,,,,,,,,,,,,,,,,,,,,,,,,,,HANKOOK
365778,Product,"GOODRIDE SW606  185/60 R14 82 T - F, E, 3, 74dB",,"https://media3.tyre-shopping.com/images/tyre/8518-ZGVtbw==-w300-h300-br1.jpg",,I1856014TGOSW606,,51.24,,TRUE,,,2,,,,,,,,,,,,,,,,,,,,,,,,,,,,,,,,,,,,GOODRIDE
683921,Product,"NANKANG  NS-2   185/35 R17 82 V XL - E, C, 2, 71dB",,"https://media5.tyre-shopping.com/images/tyre/1289-ZGVtbw==-w300-h300-br1.jpg",,E1853517VNANS2,,51.50,,TRUE,,,43,,,,,,,,,,,,,,,,,,,,,,,,,,,,,,,,,,,,NANKANG
627715,Product,"DAYTON   TOURIN 165/70 R14 81 T - E, C, 3, 71dB","DOT 2015","https://media2.tyre-shopping.com/images/tyre/14865-ZGVtbw==-w300-h300-br1.jpg","DOT 2015",E1657014TDATOURING,,36.63,,TRUE,,,1,,,,,,,,,,,,,,,,,,,,,,,,,,,,,,,,,,,,DAYTON
57791,Product,"CONTI    SP-CO2 225/50 R17 94 V - F, B, 2, 71dB","FR (*)","https://media4.tyre-shopping.com/images/tyre/231-ZGVtbw==-w300-h300-br1.jpg","FR (*)",E2255017VCOSPORTCONTACT2,,109.60,,TRUE,,,1,,,,,,,,,,,,,,,,,,,,,,,,,,,,,,,,,,,,CONTINENTAL
649582,Product,"MICHELIN LA-SP3 295/40 R20 110Y XL  - C, A, 1, 70dB","DOT 2016","https://media1.tyre-shopping.com/images/tyre/13522-ZGVtbw==-w300-h300-br1.jpg","DOT 2016",O2954020ZMILATSPORT3,,157.00,,TRUE,,,1,,,,,,,,,,,,,,,,,,,,,,,,,,,,,,,,,,,,MICHELIN
664188,Product,"DUN. 140/80- 19 M TT DT3","REAR MEDIUM DOT 2016","https://media3.tyre-shopping.com/images/tyre/17064-ZGVtbw==-w300-h300-br1.jpg","REAR MEDIUM DOT 2016",M1408019MDUDT3,,100.35,,TRUE,,,1,,,,,,,,,,,,,,,,,,,,,,,,,,,,,,,,,,,,DUNLOP
704688,Product,"GOODYEAR F1-AS3 215/50 R18 92 V",DEMO,"https://media5.tyre-shopping.com/images/tyre/16144-ZGVtbw==-w300-h300-br1.jpg",DEMO,E2155018VGOF1ASYMMETRIC3,,64.28,,TRUE,,,70,,,,,,,,,,,,,,,,,,,,,,,,,,,,,,,,,,,,GOODYEAR
670691,Product,"BRIDGEST LM-005 275/45 R19 108V XL - C, A, 2, 73dB",WINTERREIFEN,"https://media2.tyre-shopping.com/images/tyre/20186-ZGVtbw==-w300-h300-br1.jpg",WINTERREIFEN,O2754519VBRLM005,,174.66,,TRUE,,,99,,,,,,,,,,,,,,,,,,,,,,,,,,,,,,,,,,,,BRIDGESTONE
132257,Product,"SF FORD FIESTA NEU JH1 5,5X14 ET47,5 4/108/63,3","6275 143304 FO514010 MWD14144 R1-1464 DEMO","https://media4.tyre-shopping.com/images/tyre/2598-ZGVtbw==-w300-h300-br1.jpg","6275 143304 FO514010 MWD14144 R1-1464 DEMO",C6275-FOR14DEMO,,44.00,,TRUE,,,1,,,,,,,,,,,,,,,,,,,,,,,,,,,,,,,,,,,,"STAHLRAD OE QUALITÄT: ALCAR,KPZ,SÜDRAD,MWD"
653744,Product,"BRIDGEST R660   205/65 R15 102/100T - C, B, 2, 72dB","DOT 2016","https://media1.tyre-shopping.com/images/tyre/13625-ZGVtbw==-w300-h300-br1.jpg","DOT 2016",A2056515CBRR660,,62.45,,TRUE,,,2,,,,,,,,,,,,,,,,,,,,,,,,,,,,,,,,,,,,BRIDGESTONE
610575,Product,"HABILEAD RW506  225/60 R16 102T XL - E, E, 2, 72dB",,"https://media3.tyre-shopping.com/images/tyre/nopic_nobr-ZGVtbw==-w300-h300-br1.jpg",,I2256016THARW506,,44.77,,TRUE,,,26,,,,,,,,,,,,,,,,,,,,,,,,,,,,,,,,,,,,HABILEAD
701589,Product,"TOYO     PR-ST3 305/35 R24 112W XL - E, E, 2, 75dB",,"https://media5.tyre-shopping.com/images/tyre/nopic_nobr-ZGVtbw==-w300-h300-br1.jpg",,O3053524ZTOPROXESST3,,224.55,,TRUE,,,11,,,,,,,,,,,,,,,,,,,,,,,,,,,,,,,,,,,,TOYO
364101,Product,"CONTI    CRCUHP 255/55 R18 109V XL - C, B, 2, 73dB","LR FR","https://media2.tyre-shopping.com/images/tyre/258-ZGVtbw==-w300-h300-br1.jpg","LR FR","O2555518VCOCROSSCONTACTUHP",,102.12,,TRUE,,,100,,,,,,,,,,,,,,,,,,,,,,,,,,,,,,,,,,,,CONTINENTAL
350707,Product,"SUNNY    SN3606 215/70 R16 100T - E, C, 2, 71dB",,"https://media4.tyre-shopping.com/images/tyre/15256-ZGVtbw==-w300-h300-br1.jpg",,O2157016TSUSN3606,,51.19,,TRUE,,,2,,,,,,,,,,,,,,,,,,,,,,,,,,,,,,,,,,,,SUNNY
30958,Product,"COOPER   COB-GT 235/60 R14 96 T - E, C, 2, 74dB","RWLS OLDTIMER ","https://media1.tyre-shopping.com/images/tyre/1800-ZGVtbw==-w300-h300-br1.jpg","RWLS OLDTIMER ",O2356014TCOCOBRARADIALGT,,97.50,,TRUE,,,100,,,,,,,,,,,,,,,,,,,,,,,,,,,,,,,,,,,,COOPER
713362,Product,"GITI     SPO-S1 255/55 R19 111Y XL - B, A, 1, 70dB","DOT 2017","https://media3.tyre-shopping.com/images/tyre/17673-ZGVtbw==-w300-h300-br1.jpg","DOT 2017",E2555519ZGISPORTS1,,62.13,,TRUE,,,2,,,,,,,,,,,,,,,,,,,,,,,,,,,,,,,,,,,,GITI
336261,Product,"SAILUN   ELITE  195/50 R16 84 V - E, B, 2, 70dB",,"https://media5.tyre-shopping.com/images/tyre/16083-ZGVtbw==-w300-h300-br1.jpg",,E1955016VSAATREZZOELITE,,39.69,,TRUE,,,100,,,,,,,,,,,,,,,,,,,,,,,,,,,,,,,,,,,,SAILUN
683241,Product,"FALKEN   RI-151 285/70R195 146/144M - E, C, 1, 71dB","M+S, 3PMSF","https://media2.tyre-shopping.com/images/tyre/16396-ZGVtbw==-w300-h300-br1.jpg","M+S, 3PMSF",A28570195CFARI151,,274.07,,TRUE,,,8,,,,,,,,,,,,,,,,,,,,,,,,,,,,,,,,,,,,FALKEN
227019,Product,"NORDEXX  COMUS  175/65 R15 84 H - E, E, 3, 74dB",,"https://media4.tyre-shopping.com/images/tyre/9464-ZGVtbw==-w300-h300-br1.jpg",,E1756515HNOCOMUS,,35.74,,TRUE,,,2,,,,,,,,,,,,,,,,,,,,,,,,,,,,,,,,,,,,NORDEXX
313253,Product,"HANKOOK  H740   165/70 R14 85 T XL - E, C, 2, 71dB","Kinergy 4S","https://media1.tyre-shopping.com/images/tyre/15027-ZGVtbw==-w300-h300-br1.jpg","Kinergy 4S",Q1657014THAH740,,37.59,,TRUE,,,100,,,,,,,,,,,,,,,,,,,,,,,,,,,,,,,,,,,,HANKOOK
638161,Product,"PIRELLI  CARRIE 195/75 R16 107/105R - C, A, 1, 70dB","WINTER MO","https://media3.tyre-shopping.com/images/tyre/13852-ZGVtbw==-w300-h300-br1.jpg","WINTER MO",A1957516CPICARRIERWIN,,73.34,,TRUE,,,100,,,,,,,,,,,,,,,,,,,,,,,,,,,,,,,,,,,,PIRELLI
713346,Product,"OVATION  WV-06  155    R13 90/88 Q - E, E, 2, 73dB",WINTER,"https://media5.tyre-shopping.com/images/tyre/17159-ZGVtbw==-w300-h300-br1.jpg",WINTER,A15513COVWV06,,37.50,,TRUE,,,100,,,,,,,,,,,,,,,,,,,,,,,,,,,,,,,,,,,,OVATION
330672,Product,"ZIARELLI FOREST 245/75 R16 116T","RETREAD M+S","https://media2.tyre-shopping.com/images/tyre/15507-ZGVtbw==-w300-h300-br1.jpg","RETREAD M+S",O2457516TZIEXTREMEFOREST,,91.00,,TRUE,,,8,,,,,,,,,,,,,,,,,,,,,,,,,,,,,,,,,,,,ZIARELLI
247129,Product,"HANKOOK  K115   235/55 R19 101H  - E, B, 2, 71dB","HYUNDAI SANTA FE","https://media4.tyre-shopping.com/images/tyre/8775-ZGVtbw==-w300-h300-br1.jpg","HYUNDAI SANTA FE",O2355519HHAK115,,85.75,,TRUE,,,100,,,,,,,,,,,,,,,,,,,,,,,,,,,,,,,,,,,,HANKOOK
699517,Product,"NEXEN    BLUE4S 255/55 R18 109V XL - E, C, 2, 71dB",,"https://media1.tyre-shopping.com/images/tyre/17584-ZGVtbw==-w300-h300-br1.jpg",,Q2555518VNENBLUE4SEASON,,81.47,,TRUE,,,100,,,,,,,,,,,,,,,,,,,,,,,,,,,,,,,,,,,,NEXEN
620968,Product,"TAURUS   RC95   270/95 R32 136A8/136B",,"https://media3.tyre-shopping.com/images/tyre/3850-ZGVtbw==-w300-h300-br1.jpg",,B2709532XTARC95,,274.00,,TRUE,,,10,,,,,,,,,,,,,,,,,,,,,,,,,,,,,,,,,,,,TAURUS
314340,Product,"NEXEN    NF-SU1 275/40 R20 106Y XL - C, A, 2, 72dB",,"https://media5.tyre-shopping.com/images/tyre/10955-ZGVtbw==-w300-h300-br1.jpg",,O2754020ZNENFERASU1,,104.00,,TRUE,,,100,,,,,,,,,,,,,,,,,,,,,,,,,,,,,,,,,,,,NEXEN
392717,Product,"FALKEN 12    R22.5 R1200   152/148M - E, C, 3, 74dB","DOT 2013","https://media2.tyre-shopping.com/images/tyre/4828-ZGVtbw==-w300-h300-br1.jpg","DOT 2013",A12225CFAR1200,,235.00,,TRUE,,,2,,,,,,,,,,,,,,,,,,,,,,,,,,,,,,,,,,,,FALKEN
66414,Product,"PIRELLI   W210S2 225/65 R17 102H - E, B, 2, 72dB",AO,"https://media4.tyre-shopping.com/images/tyre/6608-ZGVtbw==-w300-h300-br1.jpg",AO,"I2256517HPIW210SOTTOZEROS2",,91.00,,TRUE,,,100,,,,,,,,,,,,,,,,,,,,,,,,,,,,,,,,,,,,PIRELLI
602007,Product,"AUSTONE  SP902  155/65 R13 73 T - E, E, 2, 71dB",,"https://media1.tyre-shopping.com/images/tyre/18394-ZGVtbw==-w300-h300-br1.jpg",,I1556513TAUSP902,,24.48,,TRUE,,,88,,,,,,,,,,,,,,,,,,,,,,,,,,,,,,,,,,,,AUSTONE
607982,Product,"BARKLEY  ACC-GP 185/65 R15 88 H - E, C, 2, 70dB","DOT 2014","https://media3.tyre-shopping.com/images/tyre/nopic_nobr-ZGVtbw==-w300-h300-br1.jpg","DOT 2014",E1856515HBAACCURACYGP,,34.70,,TRUE,,,14,,,,,,,,,,,,,,,,,,,,,,,,,,,,,,,,,,,,BARKLEY
618280,Product,"WESTLAKE SW658  255/55 R18 109H XL - C, C, 2, 73dB",WINTERREIFEN,"https://media5.tyre-shopping.com/images/tyre/15780-ZGVtbw==-w300-h300-br1.jpg",WINTERREIFEN,O2555518HWESW658,,60.56,,TRUE,,,30,,,,,,,,,,,,,,,,,,,,,,,,,,,,,,,,,,,,WESTLAKE
695908,Product,"AVON 130/80 -17 65 H TL ROADRIDER MKII",REAR,"https://media2.tyre-shopping.com/images/tyre/20790-ZGVtbw==-w300-h300-br1.jpg",REAR,M1308017HAVROADRIDERMKII,,77.91,,TRUE,,,74,,,,,,,,,,,,,,,,,,,,,,,,,,,,,,,,,,,,AVON
39838,Product,"HANKOOK  K715   195/65 R14 89 T - E, E, 2, 71dB",,"https://media4.tyre-shopping.com/images/tyre/3437-ZGVtbw==-w300-h300-br1.jpg",,E1956514THAK715,,43.00,,TRUE,,,1,,,,,,,,,,,,,,,,,,,,,,,,,,,,,,,,,,,,HANKOOK
684612,Product,"CHENGSHA CSC801 205/60 R15 91 H - E, C, 2, 70dB",,"https://media1.tyre-shopping.com/images/tyre/nopic_nobr-ZGVtbw==-w300-h300-br1.jpg",,E2056015HCHCSC801,,32.90,,TRUE,,,100,,,,,,,,,,,,,,,,,,,,,,,,,,,,,,,,,,,,CHENGSHAN
646799,Product,"YOKOHAMA W-DRIV 205/55 R16 91 H - F, C, 3, 74dB","RPB RUNFLAT DOT 2015","https://media3.tyre-shopping.com/images/tyre/5344-ZGVtbw==-w300-h300-br1.jpg","RPB RUNFLAT DOT 2015","I2055516HYOWDRIVEV902-ROF",,70.00,,TRUE,,,2,,,,,,,,,,,,,,,,,,,,,,,,,,,,,,,,,,,,YOKOHAMA
622648,Product,"TRELLEBO T523   5.00   -8  78 J TT","HIGH SPEED DOT 2013","https://media5.tyre-shopping.com/images/tyre/10796-ZGVtbw==-w300-h300-br1.jpg","HIGH SPEED DOT 2013",B5008XTRT523HS,,73.58,,TRUE,,,5,,,,,,,,,,,,,,,,,,,,,,,,,,,,,,,,,,,,TRELLEBORG
36046,Product,"DUNLOP   SP.-01 255/45 R18 99 Y  - E, C, 1, 69dB",MO,"https://media2.tyre-shopping.com/images/tyre/1128-ZGVtbw==-w300-h300-br1.jpg",MO,E2554518ZDUSP01,,109.24,,TRUE,,,15,,,,,,,,,,,,,,,,,,,,,,,,,,,,,,,,,,,,DUNLOP
321322,Product,"NOKIAN   WR-C3  205/65 R15 102/100T - E, C, 2, 72dB",WINTERREIFEN,"https://media4.tyre-shopping.com/images/tyre/15338-ZGVtbw==-w300-h300-br1.jpg",WINTERREIFEN,A2056515CNOWRC3,,67.78,,TRUE,,,100,,,,,,,,,,,,,,,,,,,,,,,,,,,,,,,,,,,,NOKIAN
692116,Product,"RIKEN    ROAD-P 175/55 R15 77 H - E, C, 2, 70dB","DOT 2017","https://media1.tyre-shopping.com/images/tyre/17853-ZGVtbw==-w300-h300-br1.jpg","DOT 2017","E1755515HRIROADPERFORMANCE",,31.85,,TRUE,,,4,,,,,,,,,,,,,,,,,,,,,,,,,,,,,,,,,,,,RIKEN
59123,Product,"DUN. 130/80 B17 65 H TL D408 F","HARLEY D. SW","https://media3.tyre-shopping.com/images/tyre/7444-ZGVtbw==-w300-h300-br1.jpg","HARLEY D. SW",M1308017HDUD408,,145.17,,TRUE,,,100,,,,,,,,,,,,,,,,,,,,,,,,,,,,,,,,,,,,DUNLOP
615481,Product,"PIR. 160/60 R17 69 H TL DIABLO ROSSO","ROSSO II DOT 2015","https://media5.tyre-shopping.com/images/tyre/9326-ZGVtbw==-w300-h300-br1.jpg","ROSSO II DOT 2015",M1606017HPIDIABLOROSSO2,,85.28,,TRUE,,,4,,,,,,,,,,,,,,,,,,,,,,,,,,,,,,,,,,,,PIRELLI
130022,Product,"HEIDENAU L28    6.70   -13 94 L TT",ANHÄNGERREIFEN,"https://media2.tyre-shopping.com/images/tyre/5170-ZGVtbw==-w300-h300-br1.jpg",ANHÄNGERREIFEN,A67013CHEL28,,85.35,,TRUE,,,32,,,,,,,,,,,,,,,,,,,,,,,,,,,,,,,,,,,,HEIDENAU
628691,Product,"MICHELIN AG-CRO 205/75 R16 110/108R - C, A, 2, 73dB",ALLWETTER,"https://media4.tyre-shopping.com/images/tyre/19214-ZGVtbw==-w300-h300-br1.jpg",ALLWETTER,"A2057516CMIAGILISCROSSCLIMATE",,104.15,,TRUE,,,100,,,,,,,,,,,,,,,,,,,,,,,,,,,,,,,,,,,,MICHELIN
721493,Product,"SAILWIN  IW-989 195/70 R15 104/102R - E, C, 2, 71dB",WINTER,"https://media1.tyre-shopping.com/images/tyre/21206-ZGVtbw==-w300-h300-br1.jpg",WINTER,A1957015CSAICEWINNER989,,43.95,,TRUE,,,36,,,,,,,,,,,,,,,,,,,,,,,,,,,,,,,,,,,,SAILWIN
677986,Product,"APOLLO   TRUST+ 215/65 R16 109/107T - E, A, 2, 72dB",,"https://media3.tyre-shopping.com/images/tyre/nopic_nobr-ZGVtbw==-w300-h300-br1.jpg",,"A2156516CAPALTRUST+",,72.67,,TRUE,,,61,,,,,,,,,,,,,,,,,,,,,,,,,,,,,,,,,,,,APOLLO
705255,Product,"MICHELIN SUP-SP 285/30ZR19 (98Y) XL - E, B, 2, 73dB","MO1 DOT 2017","https://media5.tyre-shopping.com/images/tyre/8854-ZGVtbw==-w300-h300-br1.jpg","MO1 DOT 2017",E2853019ZMISUPERSPORT,,203.00,,TRUE,,,1,,,,,,,,,,,,,,,,,,,,,,,,,,,,,,,,,,,,MICHELIN
326892,Product,"TOYO     CF2S   235/55 R18 100V  - C, B, 2, 70dB",,"https://media2.tyre-shopping.com/images/tyre/15595-ZGVtbw==-w300-h300-br1.jpg",,O2355518VTOPROXESCF2SUV,,76.78,,TRUE,,,100,,,,,,,,,,,,,,,,,,,,,,,,,,,,,,,,,,,,TOYO
683132,Product,"FALKEN   A/T3WA 255/70 R15 108S - E, C, 2, 71dB",ALLWETTER,"https://media4.tyre-shopping.com/images/tyre/19578-ZGVtbw==-w300-h300-br1.jpg",ALLWETTER,O2557015SFAWILDPEAKAT3WA,,88.34,,TRUE,,,100,,,,,,,,,,,,,,,,,,,,,,,,,,,,,,,,,,,,FALKEN
641584,Product,"GTRADIAL 4-SEAS 195/55 R15 85 H - C, C, 2, 72dB",,"https://media1.tyre-shopping.com/images/tyre/19574-ZGVtbw==-w300-h300-br1.jpg",,Q1955515HGT4SEASONS,,48.76,,TRUE,,,100,,,,,,,,,,,,,,,,,,,,,,,,,,,,,,,,,,,,"GT RADIAL"
402705,Product,"MICHELIN PRIMA3 215/50 R17 95 W XL - C, A, 1, 69dB",FSL,"https://media3.tyre-shopping.com/images/tyre/10139-ZGVtbw==-w300-h300-br1.jpg",FSL,E2155017ZMIPRIMACY3,,105.00,,TRUE,,,11,,,,,,,,,,,,,,,,,,,,,,,,,,,,,,,,,,,,MICHELIN
286275,Product,"PIRELLI  CARRIE 215/70 R15 109/107S - C, C, 2, 73dB",WINTER,"https://media5.tyre-shopping.com/images/tyre/13852-ZGVtbw==-w300-h300-br1.jpg",WINTER,A2157015CPICARRIERWINTER,,76.11,,TRUE,,,100,,,,,,,,,,,,,,,,,,,,,,,,,,,,,,,,,,,,PIRELLI
371080,Product,"COOPER   ZEON2  215/45 R17 87 Y - G, B, 2, 71dB","ZEON 2XS  (BSS) DOT 2014","https://media2.tyre-shopping.com/images/tyre/1827-ZGVtbw==-w300-h300-br1.jpg","ZEON 2XS  (BSS) DOT 2014",E2154517ZCOZEON2XS,,45.25,,TRUE,,,3,,,,,,,,,,,,,,,,,,,,,,,,,,,,,,,,,,,,COOPER
642778,Product,"MALHOTRA MRT329 11.2   -20 8 PR TT","111A6 / 107A8","https://media4.tyre-shopping.com/images/tyre/5265-ZGVtbw==-w300-h300-br1.jpg","111A6 / 107A8",B11220XMAMRT329,,120.00,,TRUE,,,5,,,,,,,,,,,,,,,,,,,,,,,,,,,,,,,,,,,,MALHOTRA
236641,Product,"MICHELIN ALP-A4 185/50 R16 81 H - E, C, 2, 70dB",,"https://media1.tyre-shopping.com/images/tyre/8207-ZGVtbw==-w300-h300-br1.jpg",,I1855016HMIALPINA4,,67.89,,TRUE,,,1,,,,,,,,,,,,,,,,,,,,,,,,,,,,,,,,,,,,MICHELIN
615664,Product,"CONTINEN HDR    11R22.5 148/145L TL - E, C, 2, 75dB",ANTRIEBSACHSE,"https://media3.tyre-shopping.com/images/tyre/299-ZGVtbw==-w300-h300-br1.jpg",ANTRIEBSACHSE,A11225CCOHDR,,279.24,,TRUE,,,5,,,,,,,,,,,,,,,,,,,,,,,,,,,,,,,,,,,,CONTINENTAL
355735,Product,"NOKIAN   WRA4   205/45 R17 88 V XL - C, B, 2, 72dB",,"https://media5.tyre-shopping.com/images/tyre/16742-ZGVtbw==-w300-h300-br1.jpg",,I2054517VNOWRA4,,77.89,,TRUE,,,13,,,,,,,,,,,,,,,,,,,,,,,,,,,,,,,,,,,,NOKIAN
708292,Product,"SEMPERIT AS-GRIP 205/50 R17 93 W XL - C, C, 2, 72dB",FR,"https://media2.tyre-shopping.com/images/tyre/20951-ZGVtbw==-w300-h300-br1.jpg",FR,Q2055017ZSEALLSEASONGRIP,,90.47,,TRUE,,,100,,,,,,,,,,,,,,,,,,,,,,,,,,,,,,,,,,,,SEMPERIT
606010,Product,"KENDA    KR23   185/70 R13 86 H - F, C, 2, 70dB",,"https://media4.tyre-shopping.com/images/tyre/6422-ZGVtbw==-w300-h300-br1.jpg",,E1857013HKEKR23,,31.58,,TRUE,,,24,,,,,,,,,,,,,,,,,,,,,,,,,,,,,,,,,,,,KENDA
685611,Product,"LASSA    SNOW-4 175/65 R14 82 T - E, B, 2, 69dB",,"https://media1.tyre-shopping.com/images/tyre/nopic_nobr-ZGVtbw==-w300-h300-br1.jpg",,I1756514TLASNOWAYS4,,35.51,,TRUE,,,61,,,,,,,,,,,,,,,,,,,,,,,,,,,,,,,,,,,,LASSA
19847,Product,"HEI. 120/70 -13 53 P TL K62 M+S",SNOWTEX,"https://media3.tyre-shopping.com/images/tyre/1045-ZGVtbw==-w300-h300-br1.jpg",SNOWTEX,M1207013PHEK62MS,,53.93,,TRUE,,,28,,,,,,,,,,,,,,,,,,,,,,,,,,,,,,,,,,,,HEIDENAU
625664,Product,"CACHLAND HT7006 235/65 R17 108H XL - E, E, 2, 72dB",,"https://media5.tyre-shopping.com/images/tyre/nopic_nobr-ZGVtbw==-w300-h300-br1.jpg",,O2356517HCACHHT7006,,64.70,,TRUE,,,34,,,,,,,,,,,,,,,,,,,,,,,,,,,,,,,,,,,,CACHLAND
660876,Product,"MOMO     M20-OU 195/65 R15 91 H - C, E, 2, 71dB",,"https://media2.tyre-shopping.com/images/tyre/19956-ZGVtbw==-w300-h300-br1.jpg",,E1956515HMOM20OUTRUN,,70.04,,TRUE,,,40,,,,,,,,,,,,,,,,,,,,,,,,,,,,,,,,,,,,"MOMO TIRES"
675669,Product,"HR ALCAR HYBRID 7,0X17 ET50   5/114,3/67","132200 HYUNDAI KONA","https://media4.tyre-shopping.com/images/tyre/18702-ZGVtbw==-w300-h300-br1.jpg","132200 HYUNDAI KONA",C-HR132200-HYU17,,68.60,,TRUE,,,40,,,,,,,,,,,,,,,,,,,,,,,,,,,,,,,,,,,,"STAHLRAD OE QUALITÄT: ALCAR,KPZ,SÜDRAD,MWD"
716931,Product,"VREDEST. WI-PRO 265/45 R21 108W XL - C, B, 2, 72dB",,"https://media1.tyre-shopping.com/images/tyre/19283-ZGVtbw==-w300-h300-br1.jpg",,I2654521WVRWINTRACPRO,,341.00,,TRUE,,,8,,,,,,,,,,,,,,,,,,,,,,,,,,,,,,,,,,,,VREDESTEIN
210731,Product,"MICHELIN PIL-X  6.00   R16 88 W TT","OLDTIMER PILOTE X COURSE","https://media3.tyre-shopping.com/images/tyre/9056-ZGVtbw==-w300-h300-br1.jpg","OLDTIMER PILOTE X COURSE",E60016ZMIPILOTX-18516ZMI,,290.00,,TRUE,,,27,,,,,,,,,,,,,,,,,,,,,,,,,,,,,,,,,,,,MICHELIN
681526,Product,"DUNLOP   WIN-3D 235/45 R19 99 V XL  - E, E, 2, 71dB","MFS AO DOT 2016","https://media5.tyre-shopping.com/images/tyre/2594-ZGVtbw==-w300-h300-br1.jpg","MFS AO DOT 2016","I2354519VDUSPWINTERSPORT3D",,92.55,,TRUE,,,100,,,,,,,,,,,,,,,,,,,,,,,,,,,,,,,,,,,,DUNLOP
665401,Product,"VREDEST. WI-PRO 255/35 R19 96 Y XL - E, B, 2, 73dB",,"https://media2.tyre-shopping.com/images/tyre/19283-ZGVtbw==-w300-h300-br1.jpg",,I2553519ZVRWINTRACPRO,,129.42,,TRUE,,,100,,,,,,,,,,,,,,,,,,,,,,,,,,,,,,,,,,,,VREDESTEIN
266957,Product,"*BARUM    BRILL. 175/80 R14 88 T - E, C, 2, 70dB","AUSLAUF WEISSWAND 40mm","https://media4.tyre-shopping.com/images/tyre/414-ZGVtbw==-w300-h300-br1.jpg","AUSLAUF WEISSWAND 40mm",E1758014TBABRILLANTIS,,173.00,,TRUE,,,4,,,,,,,,,,,,,,,,,,,,,,,,,,,,,,,,,,,,BARUM
689347,Product,"PIRELLI  W240S2 265/40 R20 104V XL - C, B, 2, 73dB","DOT 2017","https://media1.tyre-shopping.com/images/tyre/6608-ZGVtbw==-w300-h300-br1.jpg","DOT 2017","I2654020VPIW240SOTTOZEROS2",,142.43,,TRUE,,,11,,,,,,,,,,,,,,,,,,,,,,,,,,,,,,,,,,,,PIRELLI
611226,Product,"SEMPERIT S-LIF2 255/35 R19 96 Y XL - C, C, 2, 73dB","FR DOT 2015","https://media3.tyre-shopping.com/images/tyre/14434-ZGVtbw==-w300-h300-br1.jpg","FR DOT 2015",E2553519ZSESPEEDLIFE2,,80.13,,TRUE,,,1,,,,,,,,,,,,,,,,,,,,,,,,,,,,,,,,,,,,SEMPERIT
633188,Product,"BARUM    POLA-5 225/45 R18 95 V XL - E, C, 2, 72dB",,"https://media5.tyre-shopping.com/images/tyre/18965-ZGVtbw==-w300-h300-br1.jpg",,I2254518VBAPOLARIS5,,76.38,,TRUE,,,45,,,,,,,,,,,,,,,,,,,,,,,,,,,,,,,,,,,,BARUM
399251,Product,"HABILEAD COM-A4 185/65 R15 88 H  - E, C, 2, 71dB",,"https://media2.tyre-shopping.com/images/tyre/18297-ZGVtbw==-w300-h300-br1.jpg",,Q1856515HHACOMFORTMAXA4,,29.82,,TRUE,,,1,,,,,,,,,,,,,,,,,,,,,,,,,,,,,,,,,,,,HABILEAD
717197,Product,"MAZZINI  S-LEO2 215/65 R16 102T - C, B, 2, 71dB",,"https://media4.tyre-shopping.com/images/tyre/21183-ZGVtbw==-w300-h300-br1.jpg",,I2156516TMASNOWLEOPARD2,,54.15,,TRUE,,,100,,,,,,,,,,,,,,,,,,,,,,,,,,,,,,,,,,,,MAZZINI
335782,Product,"BF-GOODR URBAN  215/70 R16 100H - E, C, 2, 70dB",ALLWETTER,"https://media1.tyre-shopping.com/images/tyre/15789-ZGVtbw==-w300-h300-br1.jpg",ALLWETTER,O2157016HBFURBANTERRAIN,,80.61,,TRUE,,,89,,,,,,,,,,,,,,,,,,,,,,,,,,,,,,,,,,,,BF-GOODRICH
694826,Product,"MICHELIN P-SP4S 315/35ZR20 (110Y) XL - E, C, 2, 73dB","K1 DOT 2017","https://media3.tyre-shopping.com/images/tyre/17447-ZGVtbw==-w300-h300-br1.jpg","K1 DOT 2017",E3153520ZMIPILOTSPORT4S,,191.36,,TRUE,,,6,,,,,,,,,,,,,,,,,,,,,,,,,,,,,,,,,,,,MICHELIN
62785,Product,"MITAS  400/70-20 150B TR-01 TL",,"https://media5.tyre-shopping.com/images/tyre/3334-ZGVtbw==-w300-h300-br1.jpg",,B4007020XMITR01,,275.00,,TRUE,,,14,,,,,,,,,,,,,,,,,,,,,,,,,,,,,,,,,,,,MITAS
603142,Product,"PIRELLI  CI-AS+ 215/55 R16 97 V XL - C, B, 1, 69dB","si SEAL INSIDE","https://media2.tyre-shopping.com/images/tyre/18432-ZGVtbw==-w300-h300-br1.jpg","si SEAL INSIDE","Q2155516VPICINTURATOASPLUS",,105.76,,TRUE,,,1,,,,,,,,,,,,,,,,,,,,,,,,,,,,,,,,,,,,PIRELLI
290549,Product,"LEAO     LR700  580/70 R38 155A8 TL",155B,"https://media4.tyre-shopping.com/images/tyre/14337-ZGVtbw==-w300-h300-br1.jpg",155B,B5807038XLELR700,,820.37,,TRUE,,,8,,,,,,,,,,,,,,,,,,,,,,,,,,,,,,,,,,,,LEAO
641322,Product,"RIKEN    SNOW   185/65 R15 88 T - E, C, 2, 70dB",,"https://media1.tyre-shopping.com/images/tyre/19441-ZGVtbw==-w300-h300-br1.jpg",,I1856515TRISNOWW,,32.47,,TRUE,,,100,,,,,,,,,,,,,,,,,,,,,,,,,,,,,,,,,,,,RIKEN
402968,Product,"CONTI    PR-CO5 215/55 R16 93 W - C, A, 2, 71dB",,"https://media3.tyre-shopping.com/images/tyre/10183-ZGVtbw==-w300-h300-br1.jpg",,"E2155516ZCOPREMIUMCONTACT5",,75.00,,TRUE,,,100,,,,,,,,,,,,,,,,,,,,,,,,,,,,,,,,,,,,CONTINENTAL
393819,Product,"NITTO    NT830  255/35 R18 94 W XL - F, E, 2, 71dB",,"https://media5.tyre-shopping.com/images/tyre/nopic_nobr-ZGVtbw==-w300-h300-br1.jpg",,E2553518ZNINT830,,89.00,,TRUE,,,2,,,,,,,,,,,,,,,,,,,,,,,,,,,,,,,,,,,,NITTO
722195,Product,"ROADSTO. EUROW. 195/65R16C 104T - E, C, 3, 74dB","WINTERREIFEN M+S DOT 2015","https://media2.tyre-shopping.com/images/tyre/674-ZGVtbw==-w300-h300-br1.jpg","WINTERREIFEN M+S DOT 2015",A1956516CROEUROWIN,,25.50,,TRUE,,,1,,,,,,,,,,,,,,,,,,,,,,,,,,,,,,,,,,,,ROADSTONE
397445,Product,"LASSA    CO-HP2 255/50 R20 109Y XL - C, B, 1, 70dB",,"https://media4.tyre-shopping.com/images/tyre/18408-ZGVtbw==-w300-h300-br1.jpg",,O2555020ZLACOMPETUSHP2,,122.28,,TRUE,,,4,,,,,,,,,,,,,,,,,,,,,,,,,,,,,,,,,,,,LASSA
605739,Product,"FORTUNE  FSR901 175/65 R14 86 T XL - E, E, 2, 71dB",,"https://media1.tyre-shopping.com/images/tyre/nopic_nobr-ZGVtbw==-w300-h300-br1.jpg",,I1756514TFOFSR901,,27.39,,TRUE,,,12,,,,,,,,,,,,,,,,,,,,,,,,,,,,,,,,,,,,FORTUNE
656705,Product,"CONTI    SP-CO5 285/35 R21 105Y XL - C, B, 2, 73dB","(*) FR SEAL DOT 2016","https://media3.tyre-shopping.com/images/tyre/9121-ZGVtbw==-w300-h300-br1.jpg","(*) FR SEAL DOT 2016",E2853521ZCOSPORTCONTACT5,,202.55,,TRUE,,,1,,,,,,,,,,,,,,,,,,,,,,,,,,,,,,,,,,,,CONTINENTAL
253754,Product,"MATADOR  MP92   195/65 R15 91 H - F, C, 2, 71dB",,"https://media5.tyre-shopping.com/images/tyre/14262-ZGVtbw==-w300-h300-br1.jpg",,I1956515HMAMP92,,38.84,,TRUE,,,100,,,,,,,,,,,,,,,,,,,,,,,,,,,,,,,,,,,,MATADOR
722124,Product,"PIRELLI  P7BLUE 205/60 R16 92 V - B, A, 2, 71dB","DOT 2017","https://media2.tyre-shopping.com/images/tyre/11138-ZGVtbw==-w300-h300-br1.jpg","DOT 2017",E2056016VPIP7BLUE,,58.50,,TRUE,,,14,,,,,,,,,,,,,,,,,,,,,,,,,,,,,,,,,,,,PIRELLI
691060,Product,"BARUM    BRIL-2 165/65 R14 79 T - E, C, 2, 70dB","DOT 2017","https://media4.tyre-shopping.com/images/tyre/7860-ZGVtbw==-w300-h300-br1.jpg","DOT 2017",E1656514TBABRILLA,,50.19,,TRUE,,,1,,,,,,,,,,,,,,,,,,,,,,,,,,,,,,,,,,,,BARUM
372362,Product,"GTRADIAL FE1-CI 155/60 R15 78 T XL - E, B, 2, 71dB",,"https://media1.tyre-shopping.com/images/tyre/17524-ZGVtbw==-w300-h300-br1.jpg",,"E1556015TGTCHAMPIROFE1CITY",,33.12,,TRUE,,,100,,,,,,,,,,,,,,,,,,,,,,,,,,,,,,,,,,,,"GT RADIAL"
63605,Product,"FIREST.  R1085   320/85 R24 122 A8","119 B (12,4R24)","https://media3.tyre-shopping.com/images/tyre/8610-ZGVtbw==-w300-h300-br1.jpg","119 B (12,4R24)",B3208524XFIR1085,,322.30,,TRUE,,,10,,,,,,,,,,,,,,,,,,,,,,,,,,,,,,,,,,,,FIRESTONE
690743,Product,"SHIN 150/80 B16 77 H TL SR777 REAR",,"https://media5.tyre-shopping.com/images/tyre/5991-ZGVtbw==-w300-h300-br1.jpg",,M1508016HSHSR777,,113.45,,TRUE,,,1,,,,,,,,,,,,,,,,,,,,,,,,,,,,,,,,,,,,SHINKO
362544,Product,"MINERVA  FROST  205/60 R16 96 H XL - C, C, 2, 70dB",,"https://media2.tyre-shopping.com/images/tyre/17109-ZGVtbw==-w300-h300-br1.jpg",,I2056016HMIFROSTRACKHP,,45.65,,TRUE,,,100,,,,,,,,,,,,,,,,,,,,,,,,,,,,,,,,,,,,MINERVA
287377,Product,"MITAS    AC85   380/85 R34 146A8/146B TL ",,"https://media4.tyre-shopping.com/images/tyre/10491-ZGVtbw==-w300-h300-br1.jpg",,B3808534XMIAC85,,510.00,,TRUE,,,4,,,,,,,,,,,,,,,,,,,,,,,,,,,,,,,,,,,,MITAS
26393,Product,"DUNLOP   ST20   215/65 R16 98 S - E, E, 2, 70dB",GRANDTREK,"https://media1.tyre-shopping.com/images/tyre/1151-ZGVtbw==-w300-h300-br1.jpg",GRANDTREK,O2156516SDUST20,,79.12,,TRUE,,,25,,,,,,,,,,,,,,,,,,,,,,,,,,,,,,,,,,,,DUNLOP
648310,Product,"PIRELLI  CIN-P7 225/45 R18 91 W - C, A, 2, 70dB",MO,"https://media3.tyre-shopping.com/images/tyre/7013-ZGVtbw==-w300-h300-br1.jpg",MO,E2254518ZPICINTURATOP7,,95.80,,TRUE,,,73,,,,,,,,,,,,,,,,,,,,,,,,,,,,,,,,,,,,PIRELLI
630279,Product,"FEDERAL  SS595E 255/35 R20 97 Y XL","DOT 2012","https://media5.tyre-shopping.com/images/tyre/3962-ZGVtbw==-w300-h300-br1.jpg","DOT 2012",E2553520ZFESS595EVO,,62.00,,TRUE,,,1,,,,,,,,,,,,,,,,,,,,,,,,,,,,,,,,,,,,FEDERAL
685414,Product,"BRIDGEST R 297  12    R225 152/148L - D, B, 2, 72dB",VORDERACHSE,"https://media2.tyre-shopping.com/images/tyre/2985-ZGVtbw==-w300-h300-br1.jpg",VORDERACHSE,A12225CBRR297,,378.01,,TRUE,,,15,,,,,,,,,,,,,,,,,,,,,,,,,,,,,,,,,,,,BRIDGESTONE
678018,Product,"KUMHO    WS71   295/40 R20 110V XL - C, C, 2, 75dB",WINTER,"https://media4.tyre-shopping.com/images/tyre/19453-ZGVtbw==-w300-h300-br1.jpg",WINTER,O2954020VKUWS71,,120.00,,TRUE,,,100,,,,,,,,,,,,,,,,,,,,,,,,,,,,,,,,,,,,KUMHO
147068,Product,"CONTI    SP-CO3 245/40ZR18 97 Y XL - E, B, 2, 72dB","FR MO","https://media1.tyre-shopping.com/images/tyre/2875-ZGVtbw==-w300-h300-br1.jpg","FR MO",E2454018ZCOSPORTCONTACT3,,98.33,,TRUE,,,100,,,,,,,,,,,,,,,,,,,,,,,,,,,,,,,,,,,,CONTINENTAL
331388,Product,"GRIPMAX  ST-M/S 295/35 R21 107V XL - C, C, 2, 72dB",WINTER,"https://media3.tyre-shopping.com/images/tyre/14499-ZGVtbw==-w300-h300-br1.jpg",WINTER,O2953521VGRSTATUREMS,,95.86,,TRUE,,,100,,,,,,,,,,,,,,,,,,,,,,,,,,,,,,,,,,,,GRIPMAX
624175,Product,"FALKEN   ZE-914 175/60 R14 79 H - E, B, 2, 70dB","DOT 2015","https://media5.tyre-shopping.com/images/tyre/10106-ZGVtbw==-w300-h300-br1.jpg","DOT 2015",E1756014HFAZE914,,27.04,,TRUE,,,4,,,,,,,,,,,,,,,,,,,,,,,,,,,,,,,,,,,,FALKEN
340109,Product,"BRIDGEST LM-30  195/55 R15 85 H - F, E, 2, 72dB","DOT 2013","https://media2.tyre-shopping.com/images/tyre/7553-ZGVtbw==-w300-h300-br1.jpg","DOT 2013",I1955515HBRLM30,,55.00,,TRUE,,,1,,,,,,,,,,,,,,,,,,,,,,,,,,,,,,,,,,,,BRIDGESTONE
659960,Product,"FORTUNE  FSR701 215/55 R16 97 V XL - C, C, 2, 72dB",,"https://media4.tyre-shopping.com/images/tyre/18152-ZGVtbw==-w300-h300-br1.jpg",,E2155516VFOFSR701,,39.86,,TRUE,,,2,,,,,,,,,,,,,,,,,,,,,,,,,,,,,,,,,,,,FORTUNE
5318,Product,"BRI. 120/80 -17 61 S TL BT39R SS",,"https://media1.tyre-shopping.com/images/tyre/735-ZGVtbw==-w300-h300-br1.jpg",,M1208017SBRBT39,,75.38,,TRUE,,,68,,,,,,,,,,,,,,,,,,,,,,,,,,,,,,,,,,,,BRIDGESTONE
601303,Product,"NEXEN    CP672A 225/55 R18 98 H - E, C, 1, 68dB",,"https://media3.tyre-shopping.com/images/tyre/10319-ZGVtbw==-w300-h300-br1.jpg",,O2255518HNECP672A,,74.90,,TRUE,,,100,,,,,,,,,,,,,,,,,,,,,,,,,,,,,,,,,,,,NEXEN
695612,Product,"FALKEN   SN110  185/55 R15 82 H - E, A, 2, 69dB",,"https://media5.tyre-shopping.com/images/tyre/nopic_nobr-ZGVtbw==-w300-h300-br1.jpg",,E1855515HFASN110,,47.25,,TRUE,,,100,,,,,,,,,,,,,,,,,,,,,,,,,,,,,,,,,,,,FALKEN
275569,Product,"LINGLONG R701   155    R13 84 N - F, E, 2, 70dB",,"https://media2.tyre-shopping.com/images/tyre/13550-ZGVtbw==-w300-h300-br1.jpg",,A15513CLIR701-1558013,,30.24,,TRUE,,,100,,,,,,,,,,,,,,,,,,,,,,,,,,,,,,,,,,,,LINGLONG
643434,Product,"MICHELIN CLIMA+ 245/40 R18 97 Y XL  - C, B, 1, 69dB",ALLWETTER,"https://media4.tyre-shopping.com/images/tyre/17550-ZGVtbw==-w300-h300-br1.jpg",ALLWETTER,"Q2454018ZMICROSSCLIMATEPLUS",,122.98,,TRUE,,,100,,,,,,,,,,,,,,,,,,,,,,,,,,,,,,,,,,,,MICHELIN
220776,Product,"MAXXIS M-932 20X11 -8 38 J TL",RAZR,"https://media1.tyre-shopping.com/images/tyre/3441-ZGVtbw==-w300-h300-br1.jpg",RAZR,M20118JMAM932,,68.51,,TRUE,,,4,,,,,,,,,,,,,,,,,,,,,,,,,,,,,,,,,,,,MAXXIS
307233,Product,"MICHELIN EN-SAV 195/65 R15 91 H - C, B, 2, 70dB","WEISSWAND 40mm","https://media3.tyre-shopping.com/images/tyre/5861-ZGVtbw==-w300-h300-br1.jpg","WEISSWAND 40mm",E1956515HMIENSAVER,,208.85,,TRUE,,,4,,,,,,,,,,,,,,,,,,,,,,,,,,,,,,,,,,,,MICHELIN
31518,Product,"GENERAL  GRA-UHP 295/45 R20 114V - E, C, 2, 75dB",BSW,"https://media5.tyre-shopping.com/images/tyre/1944-ZGVtbw==-w300-h300-br1.jpg",BSW,O2954520VGEGRABUHP,,145.32,,TRUE,,,5,,,,,,,,,,,,,,,,,,,,,,,,,,,,,,,,,,,,GENERAL
620848,Product,"NOVEX    ALLSEA 195/50 R16 88 V XL - E, E, 2, 70dB",ALLWETTER,"https://media2.tyre-shopping.com/images/tyre/7245-ZGVtbw==-w300-h300-br1.jpg",ALLWETTER,Q1955016VNOALLSEASON,,45.75,,TRUE,,,64,,,,,,,,,,,,,,,,,,,,,,,,,,,,,,,,,,,,NOVEX
381928,Product,"SUMITOMO BC100  155/70 R13 75 T - E, B, 2, 69dB",,"https://media4.tyre-shopping.com/images/tyre/17685-ZGVtbw==-w300-h300-br1.jpg",,E1557013TSUBC100,,34.80,,TRUE,,,40,,,,,,,,,,,,,,,,,,,,,,,,,,,,,,,,,,,,SUMITOMO
613091,Product,"MIC. 150/70ZR17 (69W) TL PIL-ROAD5",REAR,"https://media1.tyre-shopping.com/images/tyre/18798-ZGVtbw==-w300-h300-br1.jpg",REAR,M1507017ZMIPILOTROAD5,,105.63,,TRUE,,,100,,,,,,,,,,,,,,,,,,,,,,,,,,,,,,,,,,,,MICHELIN
694189,Product,"MICHELIN WILD   80/90 -21 48 S TT","DOT 2017","https://media3.tyre-shopping.com/images/tyre/16263-ZGVtbw==-w300-h300-br1.jpg","DOT 2017",M809021SMIANAKEEWILD,,47.47,,TRUE,,,1,,,,,,,,,,,,,,,,,,,,,,,,,,,,,,,,,,,,MICHELIN
362492,Product,"MINERVA  FROST  175/80 R14 88 T - E, C, 2, 70dB",,"https://media5.tyre-shopping.com/images/tyre/17109-ZGVtbw==-w300-h300-br1.jpg",,I1758014TMIFROSTRACKHP,,34.68,,TRUE,,,100,,,,,,,,,,,,,,,,,,,,,,,,,,,,,,,,,,,,MINERVA
681248,Product,"CST      CL18   38X12.50 -15 115K 6PR","BSW P.O.R. (345/85-15)","https://media2.tyre-shopping.com/images/tyre/20470-ZGVtbw==-w300-h300-br1.jpg","BSW P.O.R. (345/85-15)","O38125015KCSCL18LANDDRAGON-O3458515K",,196.21,,TRUE,,,20,,,,,,,,,,,,,,,,,,,,,,,,,,,,,,,,,,,,"CST (CHENG SHIN TIRE)"
318378,Product,"CONTI    LX-SPO 275/45 R20 110V XL  - C, C, 2, 73dB",FR,"https://media4.tyre-shopping.com/images/tyre/12442-ZGVtbw==-w300-h300-br1.jpg",FR,"O2754520VCOCROSSCONTACTLXSPORT",,152.14,,TRUE,,,68,,,,,,,,,,,,,,,,,,,,,,,,,,,,,,,,,,,,CONTINENTAL
369298,Product,"UNIGRIP  S100   225/55 R17 101H XL - E, C, 2, 72dB",,"https://media1.tyre-shopping.com/images/tyre/17441-ZGVtbw==-w300-h300-br1.jpg",,I2255517HUNWINTERPROS100,,46.93,,TRUE,,,70,,,,,,,,,,,,,,,,,,,,,,,,,,,,,,,,,,,,UNIGRIP
624987,Product,"AEOLUS   AW03   215/45 R17 91 V XL - E, E, 2, 72dB","DOT 2015","https://media3.tyre-shopping.com/images/tyre/12720-ZGVtbw==-w300-h300-br1.jpg","DOT 2015",I2154517VAEAW03,,42.45,,TRUE,,,8,,,,,,,,,,,,,,,,,,,,,,,,,,,,,,,,,,,,AEOLUS
663696,Product,"DUN. 200/55ZR17 (75W) ROADSPORT 2",REAR,"https://media5.tyre-shopping.com/images/tyre/20005-ZGVtbw==-w300-h300-br1.jpg",REAR,"M2005517ZDUSPORTMAXROADSPORT2",,120.00,,TRUE,,,57,,,,,,,,,,,,,,,,,,,,,,,,,,,,,,,,,,,,DUNLOP
381522,Product,"KUMHO    PS31   275/35 R18 99 W XL - E, E, 2, 72dB",,"https://media2.tyre-shopping.com/images/tyre/17589-ZGVtbw==-w300-h300-br1.jpg",,E2753518ZKUPS31,,116.70,,TRUE,,,2,,,,,,,,,,,,,,,,,,,,,,,,,,,,,,,,,,,,KUMHO
615922,Product,"SYRON    EVER-C 205/70 R15 106T - E, C, 2, 73dB","WINTERREIFEN DOT 2015","https://media4.tyre-shopping.com/images/tyre/9650-ZGVtbw==-w300-h300-br1.jpg","WINTERREIFEN DOT 2015",A2057015CSYEVER-C,,40.45,,TRUE,,,100,,,,,,,,,,,,,,,,,,,,,,,,,,,,,,,,,,,,SYRON
276251,Product,"KUMHO    KH27   225/70 R16 103H - C, C, 2, 71dB",,"https://media1.tyre-shopping.com/images/tyre/11071-ZGVtbw==-w300-h300-br1.jpg",,O2257016HKUKH27,,63.33,,TRUE,,,100,,,,,,,,,,,,,,,,,,,,,,,,,,,,,,,,,,,,KUMHO
63220,Product,"TRELLEBO AF302  190/90 -16 108A8 TL","(6.50-16)","https://media3.tyre-shopping.com/images/tyre/2979-ZGVtbw==-w300-h300-br1.jpg","(6.50-16)","B1909016XTRAF302-B65010XTRAF302",,97.85,,TRUE,,,42,,,,,,,,,,,,,,,,,,,,,,,,,,,,,,,,,,,,TRELLEBORG
662585,Product,"VREDEST. QUAT-5 255/60 R18 108V  - B, B, 2, 72dB",ALLWETTER,"https://media5.tyre-shopping.com/images/tyre/14264-ZGVtbw==-w300-h300-br1.jpg",ALLWETTER,O2556018VVRQUATRAC5,,97.93,,TRUE,,,100,,,,,,,,,,,,,,,,,,,,,,,,,,,,,,,,,,,,VREDESTEIN
228385,Product,"BKT      FL-648 550/45 -22.5 20PR","FLOTATION-648 166A8/162B","https://media2.tyre-shopping.com/images/tyre/4176-ZGVtbw==-w300-h300-br1.jpg","FLOTATION-648 166A8/162B",B55045225XBKFLOT648,,822.29,,TRUE,,,4,,,,,,,,,,,,,,,,,,,,,,,,,,,,,,,,,,,,BKT
328248,Product,"WINDFOR. M-MAX  195/70 R15 104/102R - E, C, 2, 71dB",,"https://media4.tyre-shopping.com/images/tyre/13573-ZGVtbw==-w300-h300-br1.jpg",,A1957015CWIMILEMAX,,41.08,,TRUE,,,100,,,,,,,,,,,,,,,,,,,,,,,,,,,,,,,,,,,,WINDFORCE
47790,Product,"NANKANG  AS1    235/40 ZR18 95 Y XL - E, C, 2, 71dB",,"https://media1.tyre-shopping.com/images/tyre/4684-ZGVtbw==-w300-h300-br1.jpg",,E2354018ZNAAS1,,51.01,,TRUE,,,100,,,,,,,,,,,,,,,,,,,,,,,,,,,,,,,,,,,,NANKANG
654576,Product,"COOPER   EV-VAN 215/65 R16 109/107T - C, B, 2, 72dB",,"https://media3.tyre-shopping.com/images/tyre/19878-ZGVtbw==-w300-h300-br1.jpg",,A2156516CCOEVOLUTIONVAN,,70.14,,TRUE,,,53,,,,,,,,,,,,,,,,,,,,,,,,,,,,,,,,,,,,COOPER
720230,Product,"KUMHO    HA31   225/45 R17 94 V XL - E, C, 2, 71dB","ALLWETTER DOT 2017","https://media5.tyre-shopping.com/images/tyre/14090-ZGVtbw==-w300-h300-br1.jpg","ALLWETTER DOT 2017",Q2254517VKUHA31,,53.13,,TRUE,,,1,,,,,,,,,,,,,,,,,,,,,,,,,,,,,,,,,,,,KUMHO
238352,Product,"DUN. 130/80 -18 66 V TL STREET SMART",,"https://media2.tyre-shopping.com/images/tyre/11015-ZGVtbw==-w300-h300-br1.jpg",,M1308018VDUSTREETSMART,,96.15,,TRUE,,,6,,,,,,,,,,,,,,,,,,,,,,,,,,,,,,,,,,,,DUNLOP
14619,Product,"BRIDGEST M 748  425/65R225 165K - D, D, 1, 70dB",ANHZNGER/AUFLIEGER,"https://media4.tyre-shopping.com/images/tyre/2991-ZGVtbw==-w300-h300-br1.jpg",ANHZNGER/AUFLIEGER,A42565225CBRM748,,507.45,,TRUE,,,17,,,,,,,,,,,,,,,,,,,,,,,,,,,,,,,,,,,,BRIDGESTONE
655201,Product,"ORIUM    UHP    255/40 R19 100Y XL - C, C, 2, 72dB",,"https://media1.tyre-shopping.com/images/tyre/18915-ZGVtbw==-w300-h300-br1.jpg",,"E2554019ZORULTRAHIGHPERFORMANCE",,63.49,,TRUE,,,100,,,,,,,,,,,,,,,,,,,,,,,,,,,,,,,,,,,,ORIUM
624844,Product,"GTK      AS100  6.00  -16 93 A6 TT",8PR,"https://media3.tyre-shopping.com/images/tyre/19097-ZGVtbw==-w300-h300-br1.jpg",8PR,B60016XGTAS100,,54.76,,TRUE,,,38,,,,,,,,,,,,,,,,,,,,,,,,,,,,,,,,,,,,GTK
632950,Product,"TRACMAX  F110   275/45 R20 110W XL - C, E, 2, 73dB",,"https://media5.tyre-shopping.com/images/tyre/8615-ZGVtbw==-w300-h300-br1.jpg",,O2754520ZTRF110,,62.25,,TRUE,,,100,,,,,,,,,,,,,,,,,,,,,,,,,,,,,,,,,,,,TRACMAX
606202,Product,"GREMAX   CF18   185/60 R15 84 H - E, B, 2, 69dB",,"https://media2.tyre-shopping.com/images/tyre/16240-ZGVtbw==-w300-h300-br1.jpg",,E1856015HGRCAPTURARCF18,,40.45,,TRUE,,,40,,,,,,,,,,,,,,,,,,,,,,,,,,,,,,,,,,,,GREMAX
655308,Product,"NOKIAN   POWER  225/45 R18 95 Y XL - C, A, 1, 69dB",,"https://media4.tyre-shopping.com/images/tyre/19890-ZGVtbw==-w300-h300-br1.jpg",,E2254518ZNOPOWERPROOF,,85.53,,TRUE,,,100,,,,,,,,,,,,,,,,,,,,,,,,,,,,,,,,,,,,NOKIAN
348843,Product,"SUNFULL  SF888  195/55 R16 91 V XL - E, C, 2, 71dB",,"https://media1.tyre-shopping.com/images/tyre/nopic_nobr-ZGVtbw==-w300-h300-br1.jpg",,E1955516VSUSF888,,45.13,,TRUE,,,66,,,,,,,,,,,,,,,,,,,,,,,,,,,,,,,,,,,,SUNFULL
722096,Product,"PLATIN   RP-60  195/65 R15 91 T - E, C, 2, 72dB","DOT 2017","https://media3.tyre-shopping.com/images/tyre/18253-ZGVtbw==-w300-h300-br1.jpg","DOT 2017",I1956515TPLRP60,,54.47,,TRUE,,,3,,,,,,,,,,,,,,,,,,,,,,,,,,,,,,,,,,,,PLATIN
59572,Product,"MICHELIN LAT-HP 215/60 R16 95 H - C, C, 2, 69dB",GRNX,"https://media5.tyre-shopping.com/images/tyre/3606-ZGVtbw==-w300-h300-br1.jpg",GRNX,O2156016HMILATTOUR,,136.43,,TRUE,,,1,,,,,,,,,,,,,,,,,,,,,,,,,,,,,,,,,,,,MICHELIN
652843,Product,"CONTI    SP-CO3 255/45ZR19 (100Y) - E, A, 2, 72dB","FR N0 DOT 2016","https://media2.tyre-shopping.com/images/tyre/2875-ZGVtbw==-w300-h300-br1.jpg","FR N0 DOT 2016",E2554519ZCOSPORTCONTACT3,,124.60,,TRUE,,,2,,,,,,,,,,,,,,,,,,,,,,,,,,,,,,,,,,,,CONTINENTAL
608911,Product,"TRISTAR  POW-4S 185/75 R16 104R - E, C, 2, 73dB",ALLWETTER,"https://media4.tyre-shopping.com/images/tyre/15615-ZGVtbw==-w300-h300-br1.jpg",ALLWETTER,A1857516CTRPOWERVAN4S,,54.90,,TRUE,,,2,,,,,,,,,,,,,,,,,,,,,,,,,,,,,,,,,,,,TRISTAR
655214,Product,"GOODYEAR 4S-CAR 215/65 R16 109/107T - C, B, 2, 72dB",ALLWETTER,"https://media1.tyre-shopping.com/images/tyre/19752-ZGVtbw==-w300-h300-br1.jpg",ALLWETTER,"A2156516CGOVECTOR4SEASONSCARGO",,91.25,,TRUE,,,100,,,,,,,,,,,,,,,,,,,,,,,,,,,,,,,,,,,,GOODYEAR
681320,Product,"I-LINK   STR-36 195/65 R16 104/102Q - E, E, 2, 71dB",,"https://media3.tyre-shopping.com/images/tyre/19542-ZGVtbw==-w300-h300-br1.jpg",,A1956516CILLSTRONG36,,40.94,,TRUE,,,4,,,,,,,,,,,,,,,,,,,,,,,,,,,,,,,,,,,,I-LINK
610420,Product,"BRIDGEST ER300  235/55 R17 103V XL - C, C, 2, 72dB","DOT 2015","https://media5.tyre-shopping.com/images/tyre/1031-ZGVtbw==-w300-h300-br1.jpg","DOT 2015",E2355517VBRER300,,72.90,,TRUE,,,1,,,,,,,,,,,,,,,,,,,,,,,,,,,,,,,,,,,,BRIDGESTONE
371514,Product,"COOPER   CS-SPO 255/35 R19 96 Y XL - E, A, 2, 71dB","BSW DOT 2014","https://media2.tyre-shopping.com/images/tyre/13152-ZGVtbw==-w300-h300-br1.jpg","BSW DOT 2014",E2553519ZCOZEONCSSPORT,,74.00,,TRUE,,,2,,,,,,,,,,,,,,,,,,,,,,,,,,,,,,,,,,,,COOPER
667653,Product,"TRIANGLE TC101  205/60 R16 96 V XL - C, C, 2, 72dB",,"https://media4.tyre-shopping.com/images/tyre/20113-ZGVtbw==-w300-h300-br1.jpg",,E2056016VTRADVANTEXTC101,,39.50,,TRUE,,,100,,,,,,,,,,,,,,,,,,,,,,,,,,,,,,,,,,,,TRIANGLE
282092,Product,"SEMPERIT MA-GR2 165/70 R13 79 T - E, C, 2, 71dB",,"https://media1.tyre-shopping.com/images/tyre/13691-ZGVtbw==-w300-h300-br1.jpg",,I1657013TSEMASTERGRIP2,,32.18,,TRUE,,,100,,,,,,,,,,,,,,,,,,,,,,,,,,,,,,,,,,,,SEMPERIT
620025,Product,"KUMHO    HA31   245/70 R16 107H - C, E, 2, 71dB",ALLWETTER,"https://media3.tyre-shopping.com/images/tyre/14090-ZGVtbw==-w300-h300-br1.jpg",ALLWETTER,O2457016HKUHA31,,71.00,,TRUE,,,100,,,,,,,,,,,,,,,,,,,,,,,,,,,,,,,,,,,,KUMHO
656562,Product,"MAXXIS   ME3    145/60 R13 66 T - C, C, 2, 69dB",,"https://media5.tyre-shopping.com/images/tyre/16649-ZGVtbw==-w300-h300-br1.jpg",,E1456013TMAMECOTRA3,,37.11,,TRUE,,,74,,,,,,,,,,,,,,,,,,,,,,,,,,,,,,,,,,,,MAXXIS
646917,Product,"GTK      RS200   380/85 R24 128A8/131B TL",,"https://media2.tyre-shopping.com/images/tyre/19098-ZGVtbw==-w300-h300-br1.jpg",,B3808524XGTRS200,,263.73,,TRUE,,,1,,,,,,,,,,,,,,,,,,,,,,,,,,,,,,,,,,,,GTK
327835,Product,"DURATURN MOZZ-S 185/60 R15 84 H - C, B, 2, 70dB",,"https://media4.tyre-shopping.com/images/tyre/15644-ZGVtbw==-w300-h300-br1.jpg",,E1856015HDUMOZZOS,,30.91,,TRUE,,,100,,,,,,,,,,,,,,,,,,,,,,,,,,,,,,,,,,,,DURATURN
363224,Product,"HAIDA    HD921  295/25 R22 97 W XL - E, C, 2, 75dB",,"https://media1.tyre-shopping.com/images/tyre/9851-ZGVtbw==-w300-h300-br1.jpg",,E2952522ZHAHD921,,110.50,,TRUE,,,12,,,,,,,,,,,,,,,,,,,,,,,,,,,,,,,,,,,,HAIDA
709938,Product,"BRIDGEST A005-E   205/50 R17 93 W XL - C, A, 2, 71dB",,"https://media3.tyre-shopping.com/images/tyre/nopic_nobr-ZGVtbw==-w300-h300-br1.jpg",,"Q2055017ZBRA005EVOWEATHERCONTROL",,88.92,,TRUE,,,100,,,,,,,,,,,,,,,,,,,,,,,,,,,,,,,,,,,,BRIDGESTONE
624332,Product,"TOYO     PX-SPO 255/40ZR20 101Y XL - C, A, 2, 72dB",,"https://media5.tyre-shopping.com/images/tyre/17496-ZGVtbw==-w300-h300-br1.jpg",,E2554020ZTOPROXESSPORT,,121.65,,TRUE,,,100,,,,,,,,,,,,,,,,,,,,,,,,,,,,,,,,,,,,TOYO
327630,Product,"PIRELLI  S-WNT  285/40 R21 109V XL  - E, C, 2, 73dB",WINTER,"https://media2.tyre-shopping.com/images/tyre/10439-ZGVtbw==-w300-h300-br1.jpg",WINTER,"O2854021VPISCORPIONWINTER",,183.00,,TRUE,,,100,,,,,,,,,,,,,,,,,,,,,,,,,,,,,,,,,,,,PIRELLI
277097,Product,"NANKANG  CW25   225/75 R16 121R - E, C, 2, 72dB",,"https://media4.tyre-shopping.com/images/tyre/7466-ZGVtbw==-w300-h300-br1.jpg",,A2257516CNACW25,,70.50,,TRUE,,,100,,,,,,,,,,,,,,,,,,,,,,,,,,,,,,,,,,,,NANKANG
717481,Product,"MICHELIN X      125   R15 68 S TL","OLDTIMER WEISSWAND 27mm","https://media1.tyre-shopping.com/images/tyre/6179-ZGVtbw==-w300-h300-br1.jpg","OLDTIMER WEISSWAND 27mm",E1258015SMIX-S12515SMI,,128.50,,TRUE,,,48,,,,,,,,,,,,,,,,,,,,,,,,,,,,,,,,,,,,MICHELIN
351555,Product,"KENDA    K488   70/90  -18 40 P TL",,"https://media3.tyre-shopping.com/images/tyre/nopic_nobr-ZGVtbw==-w300-h300-br1.jpg",,M709018PKEK488,,34.90,,TRUE,,,10,,,,,,,,,,,,,,,,,,,,,,,,,,,,,,,,,,,,KENDA
344557,Product,"LAUFENN  G-FIT  145/70 R13 71 T - E, E, 2, 70dB",,"https://media5.tyre-shopping.com/images/tyre/16272-ZGVtbw==-w300-h300-br1.jpg",,E1457013TLAGFITLK41,,25.86,,TRUE,,,100,,,,,,,,,,,,,,,,,,,,,,,,,,,,,,,,,,,,LAUFENN
386387,Product,"APOLLO   4G-ECO 165/65 R13 77 T - C, B, 2, 70dB",,"https://media2.tyre-shopping.com/images/tyre/17848-ZGVtbw==-w300-h300-br1.jpg",,E1656513TAPAMAZER4GECO,,49.80,,TRUE,,,1,,,,,,,,,,,,,,,,,,,,,,,,,,,,,,,,,,,,APOLLO
700957,Product,"YOKOHAMA G058   235/55 R19 105V XL - E, B, 2, 72dB",,"https://media4.tyre-shopping.com/images/tyre/nopic_nobr-ZGVtbw==-w300-h300-br1.jpg",,"O2355519VYOG058GEOLANDARCV",,105.88,,TRUE,,,100,,,,,,,,,,,,,,,,,,,,,,,,,,,,,,,,,,,,YOKOHAMA
270694,Product,"DUN. 60/100 -10 33 J TT GEOMAX MX52 F",,"https://media1.tyre-shopping.com/images/tyre/13536-ZGVtbw==-w300-h300-br1.jpg",,M6010010JDUGEOMAXMX52,,23.50,,TRUE,,,14,,,,,,,,,,,,,,,,,,,,,,,,,,,,,,,,,,,,DUNLOP
334592,Product,"MIC. 180/55 R17 73 W TL SCORCHER 11 REAR",,"https://media3.tyre-shopping.com/images/tyre/10942-ZGVtbw==-w300-h300-br1.jpg",,M1805517ZMISCORCHER11,,141.87,,TRUE,,,49,,,,,,,,,,,,,,,,,,,,,,,,,,,,,,,,,,,,MICHELIN
638055,Product,"KUMHO    WS71   215/70 R16 100T - E, E, 2, 72dB",WINTERREIFEN,"https://media5.tyre-shopping.com/images/tyre/19453-ZGVtbw==-w300-h300-br1.jpg",WINTERREIFEN,O2157016TKUWS71,,58.14,,TRUE,,,100,,,,,,,,,,,,,,,,,,,,,,,,,,,,,,,,,,,,KUMHO
714419,Product,"DUNLOP   ECO-LT 195    R14 106/104S - C, B, 2, 71dB",,"https://media2.tyre-shopping.com/images/tyre/nopic_nobr-ZGVtbw==-w300-h300-br1.jpg",,A19514CDUECONODRIVELT,,70.25,,TRUE,,,100,,,,,,,,,,,,,,,,,,,,,,,,,,,,,,,,,,,,DUNLOP
246270,Product,"GOODYEAR EFFIGR 185/55 R15 82 H","PERFORMANCE DEMO","https://media4.tyre-shopping.com/images/tyre/11098-ZGVtbw==-w300-h300-br1.jpg","PERFORMANCE DEMO",E1855515HGOEFFICIENTGRIP,,44.99,,TRUE,,,4,,,,,,,,,,,,,,,,,,,,,,,,,,,,,,,,,,,,GOODYEAR
378283,Product,"YOKOHAMA A052   225/45 R16 93 W XL - E, A, 2, 72dB",SEMI-SLICK,"https://media1.tyre-shopping.com/images/tyre/17599-ZGVtbw==-w300-h300-br1.jpg",SEMI-SLICK,E2254516ZYOA052,,161.96,,TRUE,,,84,,,,,,,,,,,,,,,,,,,,,,,,,,,,,,,,,,,,YOKOHAMA
717653,Product,"DUNLOP   TRX-MI 170/60 B17 72 T TL","M+S REAR","https://media3.tyre-shopping.com/images/tyre/nopic_nobr-ZGVtbw==-w300-h300-br1.jpg","M+S REAR",M1706017TDUTRXMISSION,,114.12,,TRUE,,,5,,,,,,,,,,,,,,,,,,,,,,,,,,,,,,,,,,,,DUNLOP
396797,Product,"TRIANGLE TR652  175/65 R14 90 T - E, C, 2, 72dB",,"https://media5.tyre-shopping.com/images/tyre/16872-ZGVtbw==-w300-h300-br1.jpg",,A1756514CTRTR652,,34.81,,TRUE,,,57,,,,,,,,,,,,,,,,,,,,,,,,,,,,,,,,,,,,TRIANGLE
391815,Product,"FIREST.  WIN-H3 205/45 R17 88 V XL - E, C, 2, 72dB",,"https://media2.tyre-shopping.com/images/tyre/11756-ZGVtbw==-w300-h300-br1.jpg",,I2054517VFIWINTERHAWK3,,82.15,,TRUE,,,90,,,,,,,,,,,,,,,,,,,,,,,,,,,,,,,,,,,,FIRESTONE
378725,Product,"HANKOOK  K125   215/60 R16 99 H XL - C, A, 2, 72dB","VENTUS PRIME 3","https://media4.tyre-shopping.com/images/tyre/16175-ZGVtbw==-w300-h300-br1.jpg","VENTUS PRIME 3",E2156016HHAK125,,67.74,,TRUE,,,100,,,,,,,,,,,,,,,,,,,,,,,,,,,,,,,,,,,,HANKOOK
20827,Product,"*CON.2.50 -  17 43 P TT CITY",AUSLAUF,"https://media1.tyre-shopping.com/images/tyre/3086-ZGVtbw==-w300-h300-br1.jpg",AUSLAUF,M25017PCOCITY,,31.83,,TRUE,,,2,,,,,,,,,,,,,,,,,,,,,,,,,,,,,,,,,,,,CONTINENTAL
624821,Product,"GTK      AS100  12.4   -24 118A6 TT",8PR,"https://media3.tyre-shopping.com/images/tyre/19097-ZGVtbw==-w300-h300-br1.jpg",8PR,B12424XGTAS100,,178.51,,TRUE,,,4,,,,,,,,,,,,,,,,,,,,,,,,,,,,,,,,,,,,GTK
723549,Product,"PIRELLI  CIN-P7 225/60 R18 104W XL - C, B, 1, 68dB","RUNFLAT (*) DOT 2018","https://media5.tyre-shopping.com/images/tyre/7013-ZGVtbw==-w300-h300-br1.jpg","RUNFLAT (*) DOT 2018","E2256018ZPICINTURATOP7-ROF",,86.07,,TRUE,,,100,,,,,,,,,,,,,,,,,,,,,,,,,,,,,,,,,,,,PIRELLI
603732,Product,"FULLRUN  F-FIVE 215/60 R16 108/106T - E, C, 2, 72dB",,"https://media2.tyre-shopping.com/images/tyre/16343-ZGVtbw==-w300-h300-br1.jpg",,A2156016CFUFRUNFIVE,,65.78,,TRUE,,,11,,,,,,,,,,,,,,,,,,,,,,,,,,,,,,,,,,,,FULLRUN
625582,Product,"CONTI    TR-SUV 255/70 R16 111H - E, E, 2, 72dB",BSW,"https://media4.tyre-shopping.com/images/tyre/255-ZGVtbw==-w300-h300-br1.jpg",BSW,O2557016HCOTRACSUV,,108.25,,TRUE,,,8,,,,,,,,,,,,,,,,,,,,,,,,,,,,,,,,,,,,CONTINENTAL
184295,Product,"GOODYEAR E-LS-2 245/45 R18 100V - E, B, 1, 69dB","(*) RUNFLAT M+S","https://media1.tyre-shopping.com/images/tyre/3411-ZGVtbw==-w300-h300-br1.jpg","(*) RUNFLAT M+S",O2454518VGOEALS2-ROF,,125.33,,TRUE,,,100,,,,,,,,,,,,,,,,,,,,,,,,,,,,,,,,,,,,GOODYEAR
685122,Product,"FORTUNE  FSR901 205/55 R17 95 H XL - E, E, 2, 72dB",,"https://media3.tyre-shopping.com/images/tyre/nopic_nobr-ZGVtbw==-w300-h300-br1.jpg",,I2055517HFOFSR901,,41.89,,TRUE,,,60,,,,,,,,,,,,,,,,,,,,,,,,,,,,,,,,,,,,FORTUNE
665369,Product,"VREDEST. Q-PRO  245/40 R20 99 Y XL - E, B, 2, 71dB",,"https://media5.tyre-shopping.com/images/tyre/20027-ZGVtbw==-w300-h300-br1.jpg",,Q2454020ZVRQUATRACPRO,,162.70,,TRUE,,,100,,,,,,,,,,,,,,,,,,,,,,,,,,,,,,,,,,,,VREDESTEIN
328662,Product,"CARLISLE KNOBBY 22X11.0-8  3* TL","43F ","https://media2.tyre-shopping.com/images/tyre/6193-ZGVtbw==-w300-h300-br1.jpg","43F ",M22118XCAKNOBBY,,55.43,,TRUE,,,5,,,,,,,,,,,,,,,,,,,,,,,,,,,,,,,,,,,,CARLISLE
176383,Product,"TAURUS   POINT8 12.4   R28 121 A8",,"https://media4.tyre-shopping.com/images/tyre/3847-ZGVtbw==-w300-h300-br1.jpg",,B12428XTAPOINT8,,243.00,,TRUE,,,24,,,,,,,,,,,,,,,,,,,,,,,,,,,,,,,,,,,,TAURUS
154664,Product,"KENDA    K500   24X12.0-12 4 PR TL","GARTEN TRAKTOR","https://media1.tyre-shopping.com/images/tyre/4449-ZGVtbw==-w300-h300-br1.jpg","GARTEN TRAKTOR",B241212XKEK500,,83.97,,TRUE,,,2,,,,,,,,,,,,,,,,,,,,,,,,,,,,,,,,,,,,KENDA
396168,Product,"COOPER   DI-STT 275/65 R18 123/120K","PRO P.O.R.","https://media3.tyre-shopping.com/images/tyre/16069-ZGVtbw==-w300-h300-br1.jpg","PRO P.O.R.","O2756518KCODISCOVERERSTTPRO",,183.50,,TRUE,,,3,,,,,,,,,,,,,,,,,,,,,,,,,,,,,,,,,,,,COOPER
617876,Product,"MILESTON GR-SP  145/80 R10 69 S - F, B, 2, 70dB",,"https://media5.tyre-shopping.com/images/tyre/9137-ZGVtbw==-w300-h300-br1.jpg",,E1458010SMIGREENSPORT,,38.00,,TRUE,,,100,,,,,,,,,,,,,,,,,,,,,,,,,,,,,,,,,,,,MILESTONE
139669,Product,"EP-TYRES PHI    225/40 R19 93 Y XL - E, C, 2, 72dB",,"https://media2.tyre-shopping.com/images/tyre/3810-ZGVtbw==-w300-h300-br1.jpg",,E2254019ZEPPHI,,53.83,,TRUE,,,100,,,,,,,,,,,,,,,,,,,,,,,,,,,,,,,,,,,,EP-TYRES
